{
  "__type__": "cc.JsonAsset",
  "_name": "turretPriceData",
  "json": [
    {
      "level": "1",
      "price": "216"
    },
    {
      "level": "2",
      "price": "232"
    },
    {
      "level": "3",
      "price": "249"
    },
    {
      "level": "4",
      "price": "267"
    },
    {
      "level": "5",
      "price": "286"
    },
    {
      "level": "6",
      "price": "306"
    },
    {
      "level": "7",
      "price": "328"
    },
    {
      "level": "8",
      "price": "352"
    },
    {
      "level": "9",
      "price": "377"
    },
    {
      "level": "10",
      "price": "404"
    },
    {
      "level": "11",
      "price": "433"
    },
    {
      "level": "12",
      "price": "464"
    },
    {
      "level": "13",
      "price": "497"
    },
    {
      "level": "14",
      "price": "533"
    },
    {
      "level": "15",
      "price": "571"
    },
    {
      "level": "16",
      "price": "612"
    },
    {
      "level": "17",
      "price": "656"
    },
    {
      "level": "18",
      "price": "703"
    },
    {
      "level": "19",
      "price": "754"
    },
    {
      "level": "20",
      "price": "808"
    },
    {
      "level": "21",
      "price": "866"
    },
    {
      "level": "22",
      "price": "928"
    },
    {
      "level": "23",
      "price": "995"
    },
    {
      "level": "24",
      "price": "1066"
    },
    {
      "level": "25",
      "price": "1143"
    },
    {
      "level": "26",
      "price": "1225"
    },
    {
      "level": "27",
      "price": "1313"
    },
    {
      "level": "28",
      "price": "1407"
    },
    {
      "level": "29",
      "price": "1508"
    },
    {
      "level": "30",
      "price": "1616"
    },
    {
      "level": "31",
      "price": "1732"
    },
    {
      "level": "32",
      "price": "1856"
    },
    {
      "level": "33",
      "price": "1990"
    },
    {
      "level": "34",
      "price": "2132"
    },
    {
      "level": "35",
      "price": "2285"
    },
    {
      "level": "36",
      "price": "2449"
    },
    {
      "level": "37",
      "price": "2625"
    },
    {
      "level": "38",
      "price": "2814"
    },
    {
      "level": "39",
      "price": "3016"
    },
    {
      "level": "40",
      "price": "3232"
    },
    {
      "level": "41",
      "price": "3464"
    },
    {
      "level": "42",
      "price": "3713"
    },
    {
      "level": "43",
      "price": "3979"
    },
    {
      "level": "44",
      "price": "4265"
    },
    {
      "level": "45",
      "price": "4571"
    },
    {
      "level": "46",
      "price": "4899"
    },
    {
      "level": "47",
      "price": "5250"
    },
    {
      "level": "48",
      "price": "5627"
    },
    {
      "level": "49",
      "price": "6031"
    },
    {
      "level": "50",
      "price": "6464"
    },
    {
      "level": "51",
      "price": "6928"
    },
    {
      "level": "52",
      "price": "7425"
    },
    {
      "level": "53",
      "price": "7958"
    },
    {
      "level": "54",
      "price": "8529"
    },
    {
      "level": "55",
      "price": "9141"
    },
    {
      "level": "56",
      "price": "9798"
    },
    {
      "level": "57",
      "price": "10501"
    },
    {
      "level": "58",
      "price": "11254"
    },
    {
      "level": "59",
      "price": "12062"
    },
    {
      "level": "60",
      "price": "12928"
    },
    {
      "level": "61",
      "price": "13856"
    },
    {
      "level": "62",
      "price": "14850"
    },
    {
      "level": "63",
      "price": "15916"
    },
    {
      "level": "64",
      "price": "17059"
    },
    {
      "level": "65",
      "price": "18283"
    },
    {
      "level": "66",
      "price": "19595"
    },
    {
      "level": "67",
      "price": "21002"
    },
    {
      "level": "68",
      "price": "22509"
    },
    {
      "level": "69",
      "price": "24125"
    },
    {
      "level": "70",
      "price": "25856"
    },
    {
      "level": "71",
      "price": "27712"
    },
    {
      "level": "72",
      "price": "29701"
    },
    {
      "level": "73",
      "price": "31832"
    },
    {
      "level": "74",
      "price": "34117"
    },
    {
      "level": "75",
      "price": "36566"
    },
    {
      "level": "76",
      "price": "39190"
    },
    {
      "level": "77",
      "price": "42003"
    },
    {
      "level": "78",
      "price": "45018"
    },
    {
      "level": "79",
      "price": "48249"
    },
    {
      "level": "80",
      "price": "51712"
    },
    {
      "level": "81",
      "price": "55424"
    },
    {
      "level": "82",
      "price": "59401"
    },
    {
      "level": "83",
      "price": "63665"
    },
    {
      "level": "84",
      "price": "68234"
    },
    {
      "level": "85",
      "price": "73132"
    },
    {
      "level": "86",
      "price": "78381"
    },
    {
      "level": "87",
      "price": "84006"
    },
    {
      "level": "88",
      "price": "90036"
    },
    {
      "level": "89",
      "price": "96498"
    },
    {
      "level": "90",
      "price": "103424"
    },
    {
      "level": "91",
      "price": "110847"
    },
    {
      "level": "92",
      "price": "118803"
    },
    {
      "level": "93",
      "price": "127330"
    },
    {
      "level": "94",
      "price": "136469"
    },
    {
      "level": "95",
      "price": "146264"
    },
    {
      "level": "96",
      "price": "156761"
    },
    {
      "level": "97",
      "price": "168013"
    },
    {
      "level": "98",
      "price": "180072"
    },
    {
      "level": "99",
      "price": "192996"
    },
    {
      "level": "100",
      "price": "206848"
    },
    {
      "level": "101",
      "price": "221694"
    },
    {
      "level": "102",
      "price": "237606"
    },
    {
      "level": "103",
      "price": "254660"
    },
    {
      "level": "104",
      "price": "272938"
    },
    {
      "level": "105",
      "price": "292527"
    },
    {
      "level": "106",
      "price": "313523"
    },
    {
      "level": "107",
      "price": "336026"
    },
    {
      "level": "108",
      "price": "360143"
    },
    {
      "level": "109",
      "price": "385992"
    },
    {
      "level": "110",
      "price": "413696"
    },
    {
      "level": "111",
      "price": "443388"
    },
    {
      "level": "112",
      "price": "475212"
    },
    {
      "level": "113",
      "price": "509320"
    },
    {
      "level": "114",
      "price": "545875"
    },
    {
      "level": "115",
      "price": "585054"
    },
    {
      "level": "116",
      "price": "627046"
    },
    {
      "level": "117",
      "price": "672051"
    },
    {
      "level": "118",
      "price": "720287"
    },
    {
      "level": "119",
      "price": "771984"
    },
    {
      "level": "120",
      "price": "827392"
    },
    {
      "level": "121",
      "price": "886777"
    },
    {
      "level": "122",
      "price": "950424"
    },
    {
      "level": "123",
      "price": "1018639"
    },
    {
      "level": "124",
      "price": "1091750"
    },
    {
      "level": "125",
      "price": "1170109"
    },
    {
      "level": "126",
      "price": "1254092"
    },
    {
      "level": "127",
      "price": "1344102"
    },
    {
      "level": "128",
      "price": "1440573"
    },
    {
      "level": "129",
      "price": "1543968"
    },
    {
      "level": "130",
      "price": "1654784"
    },
    {
      "level": "131",
      "price": "1773554"
    },
    {
      "level": "132",
      "price": "1900848"
    },
    {
      "level": "133",
      "price": "2037278"
    },
    {
      "level": "134",
      "price": "2183501"
    },
    {
      "level": "135",
      "price": "2340218"
    },
    {
      "level": "136",
      "price": "2508184"
    },
    {
      "level": "137",
      "price": "2688205"
    },
    {
      "level": "138",
      "price": "2881146"
    },
    {
      "level": "139",
      "price": "3087936"
    },
    {
      "level": "140",
      "price": "3309568"
    },
    {
      "level": "141",
      "price": "3547107"
    },
    {
      "level": "142",
      "price": "3801695"
    },
    {
      "level": "143",
      "price": "4074556"
    },
    {
      "level": "144",
      "price": "4367001"
    },
    {
      "level": "145",
      "price": "4680436"
    },
    {
      "level": "146",
      "price": "5016367"
    },
    {
      "level": "147",
      "price": "5376409"
    },
    {
      "level": "148",
      "price": "5762293"
    },
    {
      "level": "149",
      "price": "6175872"
    },
    {
      "level": "150",
      "price": "6619136"
    },
    {
      "level": "151",
      "price": "7094214"
    },
    {
      "level": "152",
      "price": "7603391"
    },
    {
      "level": "153",
      "price": "8149112"
    },
    {
      "level": "154",
      "price": "8734002"
    },
    {
      "level": "155",
      "price": "9360872"
    },
    {
      "level": "156",
      "price": "10032734"
    },
    {
      "level": "157",
      "price": "10752818"
    },
    {
      "level": "158",
      "price": "11524585"
    },
    {
      "level": "159",
      "price": "12351745"
    },
    {
      "level": "160",
      "price": "13238272"
    },
    {
      "level": "161",
      "price": "14188429"
    },
    {
      "level": "162",
      "price": "15206781"
    },
    {
      "level": "163",
      "price": "16298225"
    },
    {
      "level": "164",
      "price": "17468005"
    },
    {
      "level": "165",
      "price": "18721744"
    },
    {
      "level": "166",
      "price": "20065468"
    },
    {
      "level": "167",
      "price": "21505636"
    },
    {
      "level": "168",
      "price": "23049170"
    },
    {
      "level": "169",
      "price": "24703489"
    },
    {
      "level": "170",
      "price": "26476544"
    },
    {
      "level": "171",
      "price": "28376857"
    },
    {
      "level": "172",
      "price": "30413563"
    },
    {
      "level": "173",
      "price": "32596449"
    },
    {
      "level": "174",
      "price": "34936009"
    },
    {
      "level": "175",
      "price": "37443488"
    },
    {
      "level": "176",
      "price": "40130936"
    },
    {
      "level": "177",
      "price": "43011273"
    },
    {
      "level": "178",
      "price": "46098341"
    },
    {
      "level": "179",
      "price": "49406978"
    },
    {
      "level": "180",
      "price": "52953088"
    },
    {
      "level": "181",
      "price": "56753714"
    },
    {
      "level": "182",
      "price": "60827125"
    },
    {
      "level": "183",
      "price": "65192898"
    },
    {
      "level": "184",
      "price": "69872019"
    },
    {
      "level": "185",
      "price": "74886975"
    },
    {
      "level": "186",
      "price": "80261873"
    },
    {
      "level": "187",
      "price": "86022545"
    },
    {
      "level": "188",
      "price": "92196681"
    },
    {
      "level": "189",
      "price": "98813956"
    },
    {
      "level": "190",
      "price": "105906176"
    },
    {
      "level": "191",
      "price": "113507429"
    },
    {
      "level": "192",
      "price": "121654250"
    },
    {
      "level": "193",
      "price": "130385797"
    },
    {
      "level": "194",
      "price": "139744037"
    },
    {
      "level": "195",
      "price": "149773950"
    },
    {
      "level": "196",
      "price": "160523745"
    },
    {
      "level": "197",
      "price": "172045090"
    },
    {
      "level": "198",
      "price": "184393362"
    },
    {
      "level": "199",
      "price": "197627912"
    },
    {
      "level": "200",
      "price": "211812352"
    },
    {
      "level": "201",
      "price": "227014858"
    },
    {
      "level": "202",
      "price": "243308500"
    },
    {
      "level": "203",
      "price": "260771594"
    },
    {
      "level": "204",
      "price": "279488074"
    },
    {
      "level": "205",
      "price": "299547901"
    },
    {
      "level": "206",
      "price": "321047491"
    },
    {
      "level": "207",
      "price": "344090181"
    },
    {
      "level": "208",
      "price": "368786725"
    },
    {
      "level": "209",
      "price": "395255825"
    },
    {
      "level": "210",
      "price": "423624704"
    },
    {
      "level": "211",
      "price": "454029716"
    },
    {
      "level": "212",
      "price": "486617001"
    },
    {
      "level": "213",
      "price": "521543188"
    },
    {
      "level": "214",
      "price": "558976148"
    },
    {
      "level": "215",
      "price": "599095802"
    },
    {
      "level": "216",
      "price": "642094982"
    },
    {
      "level": "217",
      "price": "688180362"
    },
    {
      "level": "218",
      "price": "737573449"
    },
    {
      "level": "219",
      "price": "790511650"
    },
    {
      "level": "220",
      "price": "847249408"
    },
    {
      "level": "221",
      "price": "908059432"
    },
    {
      "level": "222",
      "price": "973234001"
    },
    {
      "level": "223",
      "price": "1043086375"
    },
    {
      "level": "224",
      "price": "1117952296"
    },
    {
      "level": "225",
      "price": "1198191604"
    },
    {
      "level": "226",
      "price": "1284189964"
    },
    {
      "level": "227",
      "price": "1376360724"
    },
    {
      "level": "228",
      "price": "1475146899"
    },
    {
      "level": "229",
      "price": "1581023299"
    },
    {
      "level": "230",
      "price": "1694498816"
    },
    {
      "level": "231",
      "price": "1816118863"
    },
    {
      "level": "232",
      "price": "1946468002"
    },
    {
      "level": "233",
      "price": "2086172751"
    },
    {
      "level": "234",
      "price": "2235904593"
    },
    {
      "level": "235",
      "price": "2396383207"
    },
    {
      "level": "236",
      "price": "2568379927"
    },
    {
      "level": "237",
      "price": "2752721448"
    },
    {
      "level": "238",
      "price": "2950293798"
    },
    {
      "level": "239",
      "price": "3162046599"
    },
    {
      "level": "240",
      "price": "3388997632"
    },
    {
      "level": "241",
      "price": "3632237727"
    },
    {
      "level": "242",
      "price": "3892936005"
    },
    {
      "level": "243",
      "price": "4172345501"
    },
    {
      "level": "244",
      "price": "4471809185"
    },
    {
      "level": "245",
      "price": "4792766414"
    },
    {
      "level": "246",
      "price": "5136759855"
    },
    {
      "level": "247",
      "price": "5505442896"
    },
    {
      "level": "248",
      "price": "5900587595"
    },
    {
      "level": "249",
      "price": "6324093198"
    },
    {
      "level": "250",
      "price": "6777995264"
    },
    {
      "level": "251",
      "price": "7264475453"
    },
    {
      "level": "252",
      "price": "7785872010"
    },
    {
      "level": "253",
      "price": "8344691003"
    },
    {
      "level": "254",
      "price": "8943618370"
    },
    {
      "level": "255",
      "price": "9585532828"
    },
    {
      "level": "256",
      "price": "10273519709"
    },
    {
      "level": "257",
      "price": "11010885791"
    },
    {
      "level": "258",
      "price": "11801175190"
    },
    {
      "level": "259",
      "price": "12648186396"
    },
    {
      "level": "260",
      "price": "13555990528"
    },
    {
      "level": "261",
      "price": "14528950906"
    },
    {
      "level": "262",
      "price": "15571744020"
    },
    {
      "level": "263",
      "price": "16689382006"
    },
    {
      "level": "264",
      "price": "17887236740"
    },
    {
      "level": "265",
      "price": "19171065656"
    },
    {
      "level": "266",
      "price": "20547039419"
    },
    {
      "level": "267",
      "price": "22021771583"
    },
    {
      "level": "268",
      "price": "23602350380"
    },
    {
      "level": "269",
      "price": "25296372791"
    },
    {
      "level": "270",
      "price": "27111981056"
    },
    {
      "level": "271",
      "price": "29057901813"
    },
    {
      "level": "272",
      "price": "31143488040"
    },
    {
      "level": "273",
      "price": "33378764012"
    },
    {
      "level": "274",
      "price": "35774473480"
    },
    {
      "level": "275",
      "price": "38342131312"
    },
    {
      "level": "276",
      "price": "41094078837"
    },
    {
      "level": "277",
      "price": "44043543165"
    },
    {
      "level": "278",
      "price": "47204700761"
    },
    {
      "level": "279",
      "price": "50592745582"
    },
    {
      "level": "280",
      "price": "54223962112"
    },
    {
      "level": "281",
      "price": "58115803625"
    },
    {
      "level": "282",
      "price": "62286976079"
    },
    {
      "level": "283",
      "price": "66757528024"
    },
    {
      "level": "284",
      "price": "71548946960"
    },
    {
      "level": "285",
      "price": "76684262624"
    },
    {
      "level": "286",
      "price": "82188157675"
    },
    {
      "level": "287",
      "price": "88087086331"
    },
    {
      "level": "288",
      "price": "94409401521"
    },
    {
      "level": "289",
      "price": "101185491165"
    },
    {
      "level": "290",
      "price": "108447924224"
    },
    {
      "level": "291",
      "price": "116231607250"
    },
    {
      "level": "292",
      "price": "124573952159"
    },
    {
      "level": "293",
      "price": "133515056047"
    },
    {
      "level": "294",
      "price": "143097893920"
    },
    {
      "level": "295",
      "price": "153368525249"
    },
    {
      "level": "296",
      "price": "164376315350"
    },
    {
      "level": "297",
      "price": "176174172662"
    },
    {
      "level": "298",
      "price": "188818803043"
    },
    {
      "level": "299",
      "price": "202370982329"
    },
    {
      "level": "300",
      "price": "216895848448"
    }
  ]
}