{
  "__type__": "cc.JsonAsset",
  "_name": "bgColorData",
  "json": [
    {
      "id": "1",
      "top": "4a7afe",
      "down": "97fad0"
    },
    {
      "id": "2",
      "top": "8666ff ",
      "down": "ffbed0"
    },
    {
      "id": "3",
      "top": "5b7ee4",
      "down": "faacfe"
    },
    {
      "id": "4",
      "top": "9fe6fb",
      "down": "8c64f6"
    },
    {
      "id": "5",
      "top": "f75975",
      "down": "fff7b9"
    },
    {
      "id": "6",
      "top": "5d64ec",
      "down": "e3c6fc"
    },
    {
      "id": "7",
      "top": "4979fc",
      "down": "7dfdf5"
    },
    {
      "id": "8",
      "top": "7d3fe0",
      "down": "9eefe6"
    },
    {
      "id": "9",
      "top": "405961",
      "down": "dce4bf"
    },
    {
      "id": "10",
      "top": "ff97a5",
      "down": "fcdbc1"
    }
  ]
}