[
  {
    "__type__": "cc.SceneAsset",
    "_name": "InitScene",
    "scene": {
      "__id__": 1
    },
    "asyncLoadAssets": null
  },
  {
    "__type__": "cc.Scene",
    "_name": "New Node",
    "_children": [
      {
        "__id__": 2
      }
    ],
    "_active": false,
    "_anchorPoint": {
      "__type__": "cc.Vec2"
    },
    "autoReleaseAssets": false
  },
  {
    "__type__": "cc.Node",
    "_name": "Canvas",
    "_parent": {
      "__id__": 1
    },
    "_children": [
      {
        "__id__": 3
      },
      {
        "__id__": 4
      },
      {
        "__id__": 5
      }
    ],
    "_level": 1,
    "_components": [
      {
        "__type__": "cc.Canvas",
        "node": {
          "__id__": 2
        },
        "_designResolution": {
          "__type__": "cc.Size",
          "width": 750,
          "height": 1334
        },
        "_fitWidth": true,
        "_fitHeight": false
      },
      {
        "__type__": "be329An/tdHbbITHsY2sOVj",
        "node": {
          "__id__": 2
        }
      }
    ],
    "_contentSize": {
      "__type__": "cc.Size",
      "width": 750,
      "height": 1334
    },
    "_position": {
      "__type__": "cc.Vec3",
      "x": 375,
      "y": 667
    },
    "_id": "37mOamSsNP5Y2uwQtfuAzA"
  },
  {
    "__type__": "cc.Node",
    "_name": "bg",
    "_parent": {
      "__id__": 2
    },
    "_level": 2,
    "_components": [
      {
        "__type__": "cc.Sprite",
        "node": {
          "__id__": 3
        },
        "_materials": [
          {
            "__uuid__": "ecpdLyjvZBwrvm+cedCcQy"
          }
        ],
        "_spriteFrame": {
          "__uuid__": "a2MjXRFdtLlYQ5ouAFv/+R"
        },
        "_sizeMode": 0
      },
      {
        "__type__": "cc.Widget",
        "node": {
          "__id__": 3
        },
        "_alignFlags": 45,
        "_originalWidth": 750,
        "_originalHeight": 1334
      }
    ],
    "_color": {
      "__type__": "cc.Color",
      "r": 50,
      "g": 50,
      "b": 50
    },
    "_contentSize": {
      "__type__": "cc.Size",
      "width": 750,
      "height": 1334
    }
  },
  {
    "__type__": "cc.Node",
    "_name": "Main Camera",
    "_parent": {
      "__id__": 2
    },
    "_level": 1,
    "_components": [
      {
        "__type__": "cc.Camera",
        "node": {
          "__id__": 4
        },
        "_clearFlags": 7,
        "_depth": -1
      }
    ],
    "_position": {
      "__type__": "cc.Vec3",
      "z": 503.14747938445356
    }
  },
  {
    "__type__": "cc.Node",
    "_name": "logoAni",
    "_parent": {
      "__id__": 2
    },
    "_level": 2,
    "_components": [
      {
        "__type__": "cc.Widget",
        "node": {
          "__id__": 5
        },
        "_alignFlags": 18
      },
      {
        "__type__": "sp.Skeleton",
        "node": {
          "__id__": 5
        },
        "_materials": [
          {
            "__uuid__": "7a/QZLET9IDreTiBfRn2PD"
          }
        ],
        "_preCacheMode": 0,
        "loop": false,
        "premultipliedAlpha": false,
        "_animationName": "play1",
        "_playTimes": 1,
        "_N$skeletonData": {
          "__uuid__": "a1m3Ec5b5L8bEdtX27XspO"
        }
      }
    ]
  }
]