[
  {
    "__type__": "cc.Prefab",
    "_name": "UpdatePanel",
    "data": {
      "__id__": 1
    }
  },
  {
    "__type__": "cc.Node",
    "_name": "UpdatePanel",
    "_children": [
      {
        "__id__": 2
      }
    ],
    "_level": 2,
    "_components": [
      {
        "__type__": "cc.Widget",
        "node": {
          "__id__": 1
        },
        "_alignFlags": 45
      },
      {
        "__type__": "0214dGdWP5Aqaga6UmWOdvS",
        "node": {
          "__id__": 1
        },
        "maskOpacity": 128,
        "touchClose": false
      },
      {
        "__type__": "a0b25x2RTFJZob6meKh/2YN",
        "node": {
          "__id__": 1
        },
        "progressBar": {
          "__id__": 11
        }
      }
    ],
    "_prefab": {
      "__type__": "cc.PrefabInfo",
      "root": {
        "__id__": 1
      },
      "asset": {
        "__id__": 0
      },
      "fileId": "f2rNYjK95GALR8WrAFvBkn"
    },
    "_contentSize": {
      "__type__": "cc.Size",
      "width": 750,
      "height": 1334
    }
  },
  {
    "__type__": "cc.Node",
    "_name": "root",
    "_parent": {
      "__id__": 1
    },
    "_children": [
      {
        "__id__": 3
      }
    ],
    "_level": 2,
    "_components": [
      {
        "__type__": "cc.Widget",
        "node": {
          "__id__": 2
        },
        "_alignFlags": 45
      }
    ],
    "_prefab": {
      "__type__": "cc.PrefabInfo",
      "root": {
        "__id__": 1
      },
      "asset": {
        "__id__": 0
      },
      "fileId": "fbCKpZJBVGVYHCli5KRNZT"
    },
    "_contentSize": {
      "__type__": "cc.Size",
      "width": 750,
      "height": 1334
    }
  },
  {
    "__type__": "cc.Node",
    "_name": "bg",
    "_parent": {
      "__id__": 2
    },
    "_children": [
      {
        "__id__": 4
      },
      {
        "__id__": 7
      },
      {
        "__id__": 8
      },
      {
        "__id__": 12
      }
    ],
    "_level": 3,
    "_components": [
      {
        "__type__": "cc.Sprite",
        "node": {
          "__id__": 3
        },
        "_materials": [
          {
            "__uuid__": "ecpdLyjvZBwrvm+cedCcQy"
          }
        ],
        "_spriteFrame": {
          "__uuid__": "a2MjXRFdtLlYQ5ouAFv/+R"
        },
        "_sizeMode": 0
      },
      {
        "__type__": "cc.BlockInputEvents",
        "node": {
          "__id__": 3
        }
      }
    ],
    "_prefab": {
      "__type__": "cc.PrefabInfo",
      "root": {
        "__id__": 1
      },
      "asset": {
        "__id__": 0
      },
      "fileId": "53p3yIQmdJsq8F/f3mCyzl"
    },
    "_color": {
      "__type__": "cc.Color",
      "r": 52,
      "g": 153,
      "b": 162
    },
    "_contentSize": {
      "__type__": "cc.Size",
      "width": 400,
      "height": 600
    }
  },
  {
    "__type__": "cc.Node",
    "_name": "update",
    "_parent": {
      "__id__": 3
    },
    "_children": [
      {
        "__id__": 5
      }
    ],
    "_level": 4,
    "_components": [
      {
        "__type__": "cab9bUXOXBDk6Oo/t2eesSG",
        "node": {
          "__id__": 4
        },
        "clickEvents": [
          {
            "__type__": "cc.ClickEvent",
            "target": {
              "__id__": 1
            },
            "_componentId": "a0b25x2RTFJZob6meKh/2YN",
            "handler": "onUpdateBtnCb"
          }
        ]
      }
    ],
    "_prefab": {
      "__type__": "cc.PrefabInfo",
      "root": {
        "__id__": 1
      },
      "asset": {
        "__id__": 0
      },
      "fileId": "c4L+MScchIuqK+NJt8mQIx"
    },
    "_contentSize": {
      "__type__": "cc.Size",
      "width": 100,
      "height": 40
    },
    "_position": {
      "__type__": "cc.Vec3",
      "y": -51.783
    }
  },
  {
    "__type__": "cc.Node",
    "_name": "Background",
    "_parent": {
      "__id__": 4
    },
    "_children": [
      {
        "__id__": 6
      }
    ],
    "_level": 2,
    "_components": [
      {
        "__type__": "cc.Sprite",
        "node": {
          "__id__": 5
        },
        "_materials": [
          {
            "__uuid__": "ecpdLyjvZBwrvm+cedCcQy"
          }
        ],
        "_spriteFrame": {
          "__uuid__": "f0BIwQ8D5Ml7nTNQbh1YlS"
        },
        "_type": 1,
        "_sizeMode": 0
      },
      {
        "__type__": "cc.Widget",
        "node": {
          "__id__": 5
        },
        "alignMode": 0,
        "_alignFlags": 45,
        "_originalWidth": 100,
        "_originalHeight": 40
      }
    ],
    "_prefab": {
      "__type__": "cc.PrefabInfo",
      "root": {
        "__id__": 1
      },
      "asset": {
        "__id__": 0
      },
      "fileId": "cbTSU90ztNmbR1UVGGbw8o"
    },
    "_contentSize": {
      "__type__": "cc.Size",
      "width": 100,
      "height": 40
    }
  },
  {
    "__type__": "cc.Node",
    "_name": "Label",
    "_parent": {
      "__id__": 5
    },
    "_level": 3,
    "_components": [
      {
        "__type__": "cc.Label",
        "node": {
          "__id__": 6
        },
        "_materials": [
          {
            "__uuid__": "ecpdLyjvZBwrvm+cedCcQy"
          }
        ],
        "_useOriginalSize": false,
        "_string": "更新",
        "_N$string": "更新",
        "_fontSize": 20,
        "_enableWrapText": false,
        "_N$horizontalAlign": 1,
        "_N$verticalAlign": 1,
        "_N$overflow": 1
      }
    ],
    "_prefab": {
      "__type__": "cc.PrefabInfo",
      "root": {
        "__id__": 1
      },
      "asset": {
        "__id__": 0
      },
      "fileId": "d7TUVSkBhHeLeKRghLPjET"
    },
    "_color": {
      "__type__": "cc.Color"
    },
    "_contentSize": {
      "__type__": "cc.Size",
      "width": 100,
      "height": 40
    }
  },
  {
    "__type__": "cc.Node",
    "_name": "info",
    "_parent": {
      "__id__": 3
    },
    "_level": 4,
    "_components": [
      {
        "__type__": "cc.Label",
        "node": {
          "__id__": 7
        },
        "_materials": [
          {
            "__uuid__": "ecpdLyjvZBwrvm+cedCcQy"
          }
        ],
        "_useOriginalSize": false,
        "_string": "info",
        "_N$string": "info",
        "_N$horizontalAlign": 1,
        "_N$verticalAlign": 1
      }
    ],
    "_prefab": {
      "__type__": "cc.PrefabInfo",
      "root": {
        "__id__": 1
      },
      "asset": {
        "__id__": 0
      },
      "fileId": "cdn01BrGhBuZAgLa6QayMH"
    },
    "_contentSize": {
      "__type__": "cc.Size",
      "width": 64.49,
      "height": 50.4
    },
    "_position": {
      "__type__": "cc.Vec3",
      "y": 108.499
    }
  },
  {
    "__type__": "cc.Node",
    "_name": "ProgressBar",
    "_parent": {
      "__id__": 3
    },
    "_children": [
      {
        "__id__": 9
      }
    ],
    "_level": 4,
    "_components": [
      {
        "__type__": "cc.Sprite",
        "node": {
          "__id__": 8
        },
        "_materials": [
          {
            "__uuid__": "ecpdLyjvZBwrvm+cedCcQy"
          }
        ],
        "_spriteFrame": {
          "__uuid__": "8855/VlrRKd6H0MSRnFxAU"
        },
        "_type": 1,
        "_sizeMode": 0
      },
      {
        "__id__": 11
      }
    ],
    "_prefab": {
      "__type__": "cc.PrefabInfo",
      "root": {
        "__id__": 1
      },
      "asset": {
        "__id__": 0
      },
      "fileId": "dabf4VAf5PebhMKfiu5SjP"
    },
    "_contentSize": {
      "__type__": "cc.Size",
      "width": 150,
      "height": 15
    },
    "_position": {
      "__type__": "cc.Vec3",
      "y": 36.169
    }
  },
  {
    "__type__": "cc.Node",
    "_name": "bar",
    "_parent": {
      "__id__": 8
    },
    "_components": [
      {
        "__id__": 10
      },
      {
        "__type__": "cc.Widget",
        "node": {
          "__id__": 9
        },
        "_alignFlags": 8
      }
    ],
    "_prefab": {
      "__type__": "cc.PrefabInfo",
      "root": {
        "__id__": 1
      },
      "asset": {
        "__id__": 0
      },
      "fileId": "21d1we/69AgaWSCun/duII"
    },
    "_contentSize": {
      "__type__": "cc.Size",
      "width": 90,
      "height": 15
    },
    "_anchorPoint": {
      "__type__": "cc.Vec2",
      "y": 0.5
    },
    "_position": {
      "__type__": "cc.Vec3",
      "x": -75
    }
  },
  {
    "__type__": "cc.Sprite",
    "node": {
      "__id__": 9
    },
    "_materials": [
      {
        "__uuid__": "ecpdLyjvZBwrvm+cedCcQy"
      }
    ],
    "_spriteFrame": {
      "__uuid__": "675ovJ2tVK2aLYfgPUWOMv"
    },
    "_type": 1,
    "_sizeMode": 0
  },
  {
    "__type__": "7781cgsMwdAWZJB8Vw/YTXI",
    "node": {
      "__id__": 8
    },
    "_N$totalLength": 150,
    "_N$barSprite": {
      "__id__": 10
    },
    "_N$progress": 0.6
  },
  {
    "__type__": "cc.Node",
    "_name": "progress",
    "_parent": {
      "__id__": 3
    },
    "_level": 4,
    "_components": [
      {
        "__type__": "cc.Label",
        "node": {
          "__id__": 12
        },
        "_materials": [
          {
            "__uuid__": "ecpdLyjvZBwrvm+cedCcQy"
          }
        ],
        "_useOriginalSize": false,
        "_string": "0/0",
        "_N$string": "0/0",
        "_fontSize": 18,
        "_lineHeight": 18,
        "_N$horizontalAlign": 1,
        "_N$verticalAlign": 1
      }
    ],
    "_prefab": {
      "__type__": "cc.PrefabInfo",
      "root": {
        "__id__": 1
      },
      "asset": {
        "__id__": 0
      },
      "fileId": "71roTo5v5GsqayGcDd8uV2"
    },
    "_contentSize": {
      "__type__": "cc.Size",
      "width": 25.02,
      "height": 22.68
    },
    "_position": {
      "__type__": "cc.Vec3",
      "y": 54.639
    }
  }
]