{
  "__type__": "cc.JsonAsset",
  "_name": "hpUpData",
  "json": [
    {
      "level": "1",
      "hp": "10",
      "price": "4320"
    },
    {
      "level": "2",
      "hp": "25",
      "price": "36720"
    },
    {
      "level": "3",
      "hp": "40",
      "price": "69120"
    },
    {
      "level": "4",
      "hp": "55",
      "price": "101520"
    },
    {
      "level": "5",
      "hp": "70",
      "price": "133920"
    },
    {
      "level": "6",
      "hp": "85",
      "price": "166320"
    },
    {
      "level": "7",
      "hp": "100",
      "price": "198720"
    },
    {
      "level": "8",
      "hp": "115",
      "price": "231120"
    },
    {
      "level": "9",
      "hp": "130",
      "price": "263520"
    },
    {
      "level": "10",
      "hp": "145",
      "price": "295920"
    },
    {
      "level": "11",
      "hp": "160",
      "price": "328320"
    },
    {
      "level": "12",
      "hp": "175",
      "price": "360720"
    },
    {
      "level": "13",
      "hp": "190",
      "price": "393120"
    },
    {
      "level": "14",
      "hp": "205",
      "price": "425520"
    },
    {
      "level": "15",
      "hp": "220",
      "price": "457920"
    },
    {
      "level": "16",
      "hp": "235",
      "price": "490320"
    },
    {
      "level": "17",
      "hp": "250",
      "price": "522720"
    },
    {
      "level": "18",
      "hp": "265",
      "price": "555120"
    },
    {
      "level": "19",
      "hp": "280",
      "price": "587520"
    },
    {
      "level": "20",
      "hp": "300",
      "price": "619920"
    }
  ]
}