[
  {
    "__type__": "cc.Prefab",
    "_name": "ProgressCircle",
    "data": {
      "__id__": 1
    }
  },
  {
    "__type__": "cc.Node",
    "_name": "ProgressCircle",
    "_children": [
      {
        "__id__": 2
      }
    ],
    "_level": 1,
    "_components": [
      {
        "__type__": "84313JeWl9JKJA3YMCZTbFD",
        "node": {
          "__id__": 1
        },
        "bar": {
          "__id__": 3
        },
        "_N$progress": 0.1
      }
    ],
    "_prefab": {
      "__type__": "cc.PrefabInfo",
      "root": {
        "__id__": 1
      },
      "asset": {
        "__uuid__": "92m9a9hq1PQ7C03z9hsOZv"
      },
      "fileId": "22y7s1zqxKnaJ7qRlTNkDU"
    },
    "_contentSize": {
      "__type__": "cc.Size",
      "width": 100,
      "height": 100
    }
  },
  {
    "__type__": "cc.Node",
    "_name": "bar",
    "_parent": {
      "__id__": 1
    },
    "_level": 3,
    "_components": [
      {
        "__id__": 3
      }
    ],
    "_prefab": {
      "__type__": "cc.PrefabInfo",
      "root": {
        "__id__": 1
      },
      "asset": {
        "__uuid__": "92m9a9hq1PQ7C03z9hsOZv"
      },
      "fileId": "94iSp+vNdBTLUt4h1TmJh3"
    },
    "_contentSize": {
      "__type__": "cc.Size",
      "width": 100,
      "height": 100
    }
  },
  {
    "__type__": "cc.Sprite",
    "node": {
      "__id__": 2
    },
    "_materials": [
      {
        "__uuid__": "ecpdLyjvZBwrvm+cedCcQy"
      }
    ],
    "_spriteFrame": {
      "__uuid__": "a2MjXRFdtLlYQ5ouAFv/+R"
    },
    "_type": 3,
    "_sizeMode": 0,
    "_fillType": 2,
    "_fillCenter": {
      "__type__": "cc.Vec2",
      "x": 0.5,
      "y": 0.5
    },
    "_fillStart": 0.25,
    "_fillRange": 0.12
  }
]