{
  "__type__": "cc.LabelAtlas",
  "_name": "level_label",
  "spriteFrame": {
    "__uuid__": "66EEsli85NGpGLJ68FAjoq"
  },
  "fontSize": 14.96,
  "_fntConfig": {
    "commonHeight": 17,
    "fontSize": 14,
    "atlasName": "font",
    "fontDefDictionary": {
      "48": {
        "rect": {
          "x": 0,
          "y": 0,
          "width": 16,
          "height": 17
        },
        "xOffset": 0,
        "yOffset": 0,
        "xAdvance": 16
      },
      "49": {
        "rect": {
          "x": 16,
          "y": 0,
          "width": 16,
          "height": 17
        },
        "xOffset": 0,
        "yOffset": 0,
        "xAdvance": 16
      },
      "50": {
        "rect": {
          "x": 32,
          "y": 0,
          "width": 16,
          "height": 17
        },
        "xOffset": 0,
        "yOffset": 0,
        "xAdvance": 16
      },
      "51": {
        "rect": {
          "x": 48,
          "y": 0,
          "width": 16,
          "height": 17
        },
        "xOffset": 0,
        "yOffset": 0,
        "xAdvance": 16
      },
      "52": {
        "rect": {
          "x": 64,
          "y": 0,
          "width": 16,
          "height": 17
        },
        "xOffset": 0,
        "yOffset": 0,
        "xAdvance": 16
      },
      "53": {
        "rect": {
          "x": 80,
          "y": 0,
          "width": 16,
          "height": 17
        },
        "xOffset": 0,
        "yOffset": 0,
        "xAdvance": 16
      },
      "54": {
        "rect": {
          "x": 96,
          "y": 0,
          "width": 16,
          "height": 17
        },
        "xOffset": 0,
        "yOffset": 0,
        "xAdvance": 16
      },
      "55": {
        "rect": {
          "x": 112,
          "y": 0,
          "width": 16,
          "height": 17
        },
        "xOffset": 0,
        "yOffset": 0,
        "xAdvance": 16
      },
      "56": {
        "rect": {
          "x": 128,
          "y": 0,
          "width": 16,
          "height": 17
        },
        "xOffset": 0,
        "yOffset": 0,
        "xAdvance": 16
      },
      "57": {
        "rect": {
          "x": 144,
          "y": 0,
          "width": 16,
          "height": 17
        },
        "xOffset": 0,
        "yOffset": 0,
        "xAdvance": 16
      }
    },
    "kerningDict": {}
  }
}