[
  {
    "__type__": "cc.Prefab",
    "_name": "ProgressBar",
    "data": {
      "__id__": 1
    }
  },
  {
    "__type__": "cc.Node",
    "_name": "ProgressBar",
    "_children": [
      {
        "__id__": 2
      }
    ],
    "_level": 2,
    "_components": [
      {
        "__type__": "cc.Sprite",
        "node": {
          "__id__": 1
        },
        "_materials": [
          {
            "__uuid__": "ecpdLyjvZBwrvm+cedCcQy"
          }
        ],
        "_spriteFrame": {
          "__uuid__": "8855/VlrRKd6H0MSRnFxAU"
        },
        "_type": 1,
        "_sizeMode": 0
      },
      {
        "__type__": "7781cgsMwdAWZJB8Vw/YTXI",
        "node": {
          "__id__": 1
        },
        "_N$totalLength": 150,
        "_N$barSprite": {
          "__id__": 3
        },
        "_N$progress": 0.6
      }
    ],
    "_prefab": {
      "__type__": "cc.PrefabInfo",
      "root": {
        "__id__": 1
      },
      "asset": {
        "__id__": 0
      },
      "fileId": "bbU8vRClZJYLhfsCxrpLD9"
    },
    "_contentSize": {
      "__type__": "cc.Size",
      "width": 150,
      "height": 15
    }
  },
  {
    "__type__": "cc.Node",
    "_name": "bar",
    "_parent": {
      "__id__": 1
    },
    "_components": [
      {
        "__id__": 3
      },
      {
        "__type__": "cc.Widget",
        "node": {
          "__id__": 2
        },
        "_alignFlags": 8
      }
    ],
    "_prefab": {
      "__type__": "cc.PrefabInfo",
      "root": {
        "__id__": 1
      },
      "asset": {
        "__id__": 0
      },
      "fileId": "a4DuAc0aNNwLoOGj6yH/D2"
    },
    "_contentSize": {
      "__type__": "cc.Size",
      "width": 90,
      "height": 15
    },
    "_anchorPoint": {
      "__type__": "cc.Vec2",
      "y": 0.5
    },
    "_position": {
      "__type__": "cc.Vec3",
      "x": -75
    }
  },
  {
    "__type__": "cc.Sprite",
    "node": {
      "__id__": 2
    },
    "_materials": [
      {
        "__uuid__": "ecpdLyjvZBwrvm+cedCcQy"
      }
    ],
    "_spriteFrame": {
      "__uuid__": "675ovJ2tVK2aLYfgPUWOMv"
    },
    "_type": 1,
    "_sizeMode": 0
  }
]