{
  "__type__": "cc.BitmapFont",
  "_name": "bm_attack",
  "spriteFrame": {
    "__uuid__": "09RJXCmuNHB4S2/+jR02Im"
  },
  "fontSize": 64,
  "_fntConfig": {
    "commonHeight": 79,
    "fontSize": 64,
    "atlasName": "bm_attack.png",
    "fontDefDictionary": {
      "32": {
        "rect": {
          "x": 63,
          "y": 182,
          "width": 0,
          "height": 0
        },
        "xOffset": 0,
        "yOffset": 67,
        "xAdvance": 17
      },
      "44": {
        "rect": {
          "x": 224,
          "y": 123,
          "width": 24,
          "height": 30
        },
        "xOffset": 1,
        "yOffset": 43,
        "xAdvance": 19
      },
      "45": {
        "rect": {
          "x": 27,
          "y": 182,
          "width": 34,
          "height": 21
        },
        "xOffset": 2,
        "yOffset": 31,
        "xAdvance": 31
      },
      "46": {
        "rect": {
          "x": 2,
          "y": 182,
          "width": 23,
          "height": 24
        },
        "xOffset": 2,
        "yOffset": 44,
        "xAdvance": 18
      },
      "48": {
        "rect": {
          "x": 2,
          "y": 2,
          "width": 48,
          "height": 59
        },
        "xOffset": 2,
        "yOffset": 9,
        "xAdvance": 44
      },
      "49": {
        "rect": {
          "x": 192,
          "y": 123,
          "width": 30,
          "height": 57
        },
        "xOffset": 0,
        "yOffset": 10,
        "xAdvance": 26
      },
      "50": {
        "rect": {
          "x": 194,
          "y": 2,
          "width": 44,
          "height": 58
        },
        "xOffset": 1,
        "yOffset": 9,
        "xAdvance": 39
      },
      "51": {
        "rect": {
          "x": 2,
          "y": 63,
          "width": 43,
          "height": 58
        },
        "xOffset": 0,
        "yOffset": 10,
        "xAdvance": 38
      },
      "52": {
        "rect": {
          "x": 100,
          "y": 123,
          "width": 44,
          "height": 57
        },
        "xOffset": 0,
        "yOffset": 10,
        "xAdvance": 38
      },
      "53": {
        "rect": {
          "x": 47,
          "y": 63,
          "width": 43,
          "height": 58
        },
        "xOffset": 1,
        "yOffset": 10,
        "xAdvance": 38
      },
      "54": {
        "rect": {
          "x": 100,
          "y": 2,
          "width": 45,
          "height": 59
        },
        "xOffset": 2,
        "yOffset": 9,
        "xAdvance": 40
      },
      "55": {
        "rect": {
          "x": 146,
          "y": 123,
          "width": 44,
          "height": 57
        },
        "xOffset": 1,
        "yOffset": 10,
        "xAdvance": 37
      },
      "56": {
        "rect": {
          "x": 52,
          "y": 2,
          "width": 46,
          "height": 59
        },
        "xOffset": 1,
        "yOffset": 9,
        "xAdvance": 41
      },
      "57": {
        "rect": {
          "x": 147,
          "y": 2,
          "width": 45,
          "height": 59
        },
        "xOffset": 1,
        "yOffset": 9,
        "xAdvance": 40
      },
      "66": {
        "rect": {
          "x": 2,
          "y": 123,
          "width": 47,
          "height": 57
        },
        "xOffset": 4,
        "yOffset": 10,
        "xAdvance": 44
      },
      "75": {
        "rect": {
          "x": 156,
          "y": 63,
          "width": 51,
          "height": 57
        },
        "xOffset": 4,
        "yOffset": 10,
        "xAdvance": 45
      },
      "77": {
        "rect": {
          "x": 92,
          "y": 63,
          "width": 62,
          "height": 57
        },
        "xOffset": 4,
        "yOffset": 10,
        "xAdvance": 61
      },
      "84": {
        "rect": {
          "x": 51,
          "y": 123,
          "width": 47,
          "height": 57
        },
        "xOffset": 0,
        "yOffset": 10,
        "xAdvance": 39
      }
    },
    "kerningDict": {}
  }
}