[
  {
    "__type__": "cc.Prefab",
    "_name": "DebugPop",
    "data": {
      "__id__": 1
    }
  },
  {
    "__type__": "cc.Node",
    "_name": "DebugPop",
    "_children": [
      {
        "__id__": 2
      }
    ],
    "_level": 1,
    "_components": [
      {
        "__type__": "cc.Widget",
        "node": {
          "__id__": 1
        },
        "_alignFlags": 45
      },
      {
        "__type__": "cc370fUVNhEQaYOTe7seOky",
        "node": {
          "__id__": 1
        },
        "normalEffPF": {
          "__uuid__": "deEMUCxSdNobR6jPuyMZCD"
        },
        "p1": {
          "__id__": 20
        },
        "p2": {
          "__id__": 23
        }
      },
      {
        "__type__": "0214dGdWP5Aqaga6UmWOdvS",
        "node": {
          "__id__": 1
        },
        "maskOpacity": 128
      }
    ],
    "_prefab": {
      "__type__": "cc.PrefabInfo",
      "root": {
        "__id__": 1
      },
      "asset": {
        "__uuid__": "d35f2XNW1NUrQyqmKz8+HZ"
      },
      "fileId": "8bPVe14iNHYrBtszFL+qaa"
    },
    "_contentSize": {
      "__type__": "cc.Size",
      "width": 750,
      "height": 1334
    },
    "_position": {
      "__type__": "cc.Vec3",
      "x": 375,
      "y": 667
    }
  },
  {
    "__type__": "cc.Node",
    "_name": "root",
    "_parent": {
      "__id__": 1
    },
    "_children": [
      {
        "__id__": 3
      }
    ],
    "_level": 2,
    "_components": [
      {
        "__type__": "cc.Widget",
        "node": {
          "__id__": 2
        },
        "_alignFlags": 45
      }
    ],
    "_prefab": {
      "__type__": "cc.PrefabInfo",
      "root": {
        "__id__": 1
      },
      "asset": {
        "__uuid__": "d35f2XNW1NUrQyqmKz8+HZ"
      },
      "fileId": "c8O1klt55AWY478PQ2QuNc"
    },
    "_contentSize": {
      "__type__": "cc.Size",
      "width": 750,
      "height": 1334
    }
  },
  {
    "__type__": "cc.Node",
    "_name": "bg",
    "_parent": {
      "__id__": 2
    },
    "_children": [
      {
        "__id__": 4
      },
      {
        "__id__": 20
      },
      {
        "__id__": 23
      }
    ],
    "_level": 3,
    "_components": [
      {
        "__type__": "cc.Sprite",
        "node": {
          "__id__": 3
        },
        "_materials": [
          {
            "__uuid__": "ecpdLyjvZBwrvm+cedCcQy"
          }
        ],
        "_spriteFrame": {
          "__uuid__": "a2MjXRFdtLlYQ5ouAFv/+R"
        },
        "_sizeMode": 0
      },
      {
        "__type__": "cc.BlockInputEvents",
        "node": {
          "__id__": 3
        }
      }
    ],
    "_prefab": {
      "__type__": "cc.PrefabInfo",
      "root": {
        "__id__": 1
      },
      "asset": {
        "__uuid__": "d35f2XNW1NUrQyqmKz8+HZ"
      },
      "fileId": "769y7jMolJj7Cg2gV4ktQB"
    },
    "_color": {
      "__type__": "cc.Color",
      "r": 52,
      "g": 153,
      "b": 162
    },
    "_contentSize": {
      "__type__": "cc.Size",
      "width": 400,
      "height": 600
    }
  },
  {
    "__type__": "cc.Node",
    "_name": "New Layout",
    "_parent": {
      "__id__": 3
    },
    "_children": [
      {
        "__id__": 5
      },
      {
        "__id__": 8
      },
      {
        "__id__": 11
      },
      {
        "__id__": 14
      },
      {
        "__id__": 17
      }
    ],
    "_level": 4,
    "_components": [
      {
        "__type__": "cc.Layout",
        "node": {
          "__id__": 4
        },
        "_layoutSize": {
          "__type__": "cc.Size",
          "width": 150,
          "height": 280
        },
        "_resize": 1,
        "_N$layoutType": 2,
        "_N$spacingY": 20
      }
    ],
    "_prefab": {
      "__type__": "cc.PrefabInfo",
      "root": {
        "__id__": 1
      },
      "asset": {
        "__uuid__": "d35f2XNW1NUrQyqmKz8+HZ"
      },
      "fileId": "c9A9gNo/FMn6Hw3GStrkO1"
    },
    "_contentSize": {
      "__type__": "cc.Size",
      "width": 150,
      "height": 280
    },
    "_position": {
      "__type__": "cc.Vec3",
      "x": 2.605,
      "y": 25.33
    }
  },
  {
    "__type__": "cc.Node",
    "_name": "New Button",
    "_parent": {
      "__id__": 4
    },
    "_children": [
      {
        "__id__": 6
      }
    ],
    "_level": 5,
    "_components": [
      {
        "__type__": "cab9bUXOXBDk6Oo/t2eesSG",
        "node": {
          "__id__": 5
        },
        "clickEvents": [
          {
            "__type__": "cc.ClickEvent",
            "target": {
              "__id__": 1
            },
            "_componentId": "cc370fUVNhEQaYOTe7seOky",
            "handler": "btnCb",
            "customEventData": "d1"
          }
        ]
      }
    ],
    "_prefab": {
      "__type__": "cc.PrefabInfo",
      "root": {
        "__id__": 1
      },
      "asset": {
        "__uuid__": "d35f2XNW1NUrQyqmKz8+HZ"
      },
      "fileId": "a6WSxuB1dOf7RhacOKYsyW"
    },
    "_contentSize": {
      "__type__": "cc.Size",
      "width": 100,
      "height": 40
    },
    "_position": {
      "__type__": "cc.Vec3",
      "y": 120
    }
  },
  {
    "__type__": "cc.Node",
    "_name": "Background",
    "_parent": {
      "__id__": 5
    },
    "_children": [
      {
        "__id__": 7
      }
    ],
    "_level": 2,
    "_components": [
      {
        "__type__": "cc.Sprite",
        "node": {
          "__id__": 6
        },
        "_materials": [
          {
            "__uuid__": "ecpdLyjvZBwrvm+cedCcQy"
          }
        ],
        "_spriteFrame": {
          "__uuid__": "f0BIwQ8D5Ml7nTNQbh1YlS"
        },
        "_type": 1,
        "_sizeMode": 0
      },
      {
        "__type__": "cc.Widget",
        "node": {
          "__id__": 6
        },
        "alignMode": 0,
        "_alignFlags": 45,
        "_originalWidth": 100,
        "_originalHeight": 40
      }
    ],
    "_prefab": {
      "__type__": "cc.PrefabInfo",
      "root": {
        "__id__": 1
      },
      "asset": {
        "__uuid__": "d35f2XNW1NUrQyqmKz8+HZ"
      },
      "fileId": "15ivW/Wt1K7JK9v5WB0SLv"
    },
    "_contentSize": {
      "__type__": "cc.Size",
      "width": 100,
      "height": 40
    }
  },
  {
    "__type__": "cc.Node",
    "_name": "Label",
    "_parent": {
      "__id__": 6
    },
    "_level": 3,
    "_components": [
      {
        "__type__": "cc.Label",
        "node": {
          "__id__": 7
        },
        "_materials": [
          {
            "__uuid__": "ecpdLyjvZBwrvm+cedCcQy"
          }
        ],
        "_useOriginalSize": false,
        "_string": "单行文本警告",
        "_N$string": "单行文本警告",
        "_fontSize": 16,
        "_enableWrapText": false,
        "_N$horizontalAlign": 1,
        "_N$verticalAlign": 1,
        "_N$overflow": 1
      }
    ],
    "_prefab": {
      "__type__": "cc.PrefabInfo",
      "root": {
        "__id__": 1
      },
      "asset": {
        "__uuid__": "d35f2XNW1NUrQyqmKz8+HZ"
      },
      "fileId": "e3N3TP8mdLo7K9Su5cwaf3"
    },
    "_color": {
      "__type__": "cc.Color"
    },
    "_contentSize": {
      "__type__": "cc.Size",
      "width": 100,
      "height": 40
    }
  },
  {
    "__type__": "cc.Node",
    "_name": "New Button copy",
    "_parent": {
      "__id__": 4
    },
    "_children": [
      {
        "__id__": 9
      }
    ],
    "_level": 5,
    "_components": [
      {
        "__type__": "cab9bUXOXBDk6Oo/t2eesSG",
        "node": {
          "__id__": 8
        },
        "clickEvents": [
          {
            "__type__": "cc.ClickEvent",
            "target": {
              "__id__": 1
            },
            "_componentId": "cc370fUVNhEQaYOTe7seOky",
            "handler": "btnCb",
            "customEventData": "d2"
          }
        ]
      }
    ],
    "_prefab": {
      "__type__": "cc.PrefabInfo",
      "root": {
        "__id__": 1
      },
      "asset": {
        "__uuid__": "d35f2XNW1NUrQyqmKz8+HZ"
      },
      "fileId": "745AxFYppDAY2X3AS/aWHG"
    },
    "_contentSize": {
      "__type__": "cc.Size",
      "width": 100,
      "height": 40
    },
    "_position": {
      "__type__": "cc.Vec3",
      "y": 60
    }
  },
  {
    "__type__": "cc.Node",
    "_name": "Background",
    "_parent": {
      "__id__": 8
    },
    "_children": [
      {
        "__id__": 10
      }
    ],
    "_level": 2,
    "_components": [
      {
        "__type__": "cc.Sprite",
        "node": {
          "__id__": 9
        },
        "_materials": [
          {
            "__uuid__": "ecpdLyjvZBwrvm+cedCcQy"
          }
        ],
        "_spriteFrame": {
          "__uuid__": "f0BIwQ8D5Ml7nTNQbh1YlS"
        },
        "_type": 1,
        "_sizeMode": 0
      },
      {
        "__type__": "cc.Widget",
        "node": {
          "__id__": 9
        },
        "alignMode": 0,
        "_alignFlags": 45,
        "_originalWidth": 100,
        "_originalHeight": 40
      }
    ],
    "_prefab": {
      "__type__": "cc.PrefabInfo",
      "root": {
        "__id__": 1
      },
      "asset": {
        "__uuid__": "d35f2XNW1NUrQyqmKz8+HZ"
      },
      "fileId": "422lbQGVhD5pTqmbQ1O5IU"
    },
    "_contentSize": {
      "__type__": "cc.Size",
      "width": 100,
      "height": 40
    }
  },
  {
    "__type__": "cc.Node",
    "_name": "Label",
    "_parent": {
      "__id__": 9
    },
    "_level": 3,
    "_components": [
      {
        "__type__": "cc.Label",
        "node": {
          "__id__": 10
        },
        "_materials": [
          {
            "__uuid__": "ecpdLyjvZBwrvm+cedCcQy"
          }
        ],
        "_useOriginalSize": false,
        "_string": "多行文本警告",
        "_N$string": "多行文本警告",
        "_fontSize": 16,
        "_enableWrapText": false,
        "_N$horizontalAlign": 1,
        "_N$verticalAlign": 1,
        "_N$overflow": 1
      }
    ],
    "_prefab": {
      "__type__": "cc.PrefabInfo",
      "root": {
        "__id__": 1
      },
      "asset": {
        "__uuid__": "d35f2XNW1NUrQyqmKz8+HZ"
      },
      "fileId": "favDsOc0NJ74mGr3qdRZC7"
    },
    "_color": {
      "__type__": "cc.Color"
    },
    "_contentSize": {
      "__type__": "cc.Size",
      "width": 100,
      "height": 40
    }
  },
  {
    "__type__": "cc.Node",
    "_name": "New Button copy",
    "_parent": {
      "__id__": 4
    },
    "_children": [
      {
        "__id__": 12
      }
    ],
    "_level": 5,
    "_components": [
      {
        "__type__": "cab9bUXOXBDk6Oo/t2eesSG",
        "node": {
          "__id__": 11
        },
        "clickEvents": [
          {
            "__type__": "cc.ClickEvent",
            "target": {
              "__id__": 1
            },
            "_componentId": "cc370fUVNhEQaYOTe7seOky",
            "handler": "btnCb",
            "customEventData": "d3"
          }
        ]
      }
    ],
    "_prefab": {
      "__type__": "cc.PrefabInfo",
      "root": {
        "__id__": 1
      },
      "asset": {
        "__uuid__": "d35f2XNW1NUrQyqmKz8+HZ"
      },
      "fileId": "3foLWITghFC5grEWoYqELc"
    },
    "_contentSize": {
      "__type__": "cc.Size",
      "width": 100,
      "height": 40
    }
  },
  {
    "__type__": "cc.Node",
    "_name": "Background",
    "_parent": {
      "__id__": 11
    },
    "_children": [
      {
        "__id__": 13
      }
    ],
    "_level": 2,
    "_components": [
      {
        "__type__": "cc.Sprite",
        "node": {
          "__id__": 12
        },
        "_materials": [
          {
            "__uuid__": "ecpdLyjvZBwrvm+cedCcQy"
          }
        ],
        "_spriteFrame": {
          "__uuid__": "f0BIwQ8D5Ml7nTNQbh1YlS"
        },
        "_type": 1,
        "_sizeMode": 0
      },
      {
        "__type__": "cc.Widget",
        "node": {
          "__id__": 12
        },
        "alignMode": 0,
        "_alignFlags": 45,
        "_originalWidth": 100,
        "_originalHeight": 40
      }
    ],
    "_prefab": {
      "__type__": "cc.PrefabInfo",
      "root": {
        "__id__": 1
      },
      "asset": {
        "__uuid__": "d35f2XNW1NUrQyqmKz8+HZ"
      },
      "fileId": "b5q2+fYNNNaIpZd+3KnP3I"
    },
    "_contentSize": {
      "__type__": "cc.Size",
      "width": 100,
      "height": 40
    }
  },
  {
    "__type__": "cc.Node",
    "_name": "Label",
    "_parent": {
      "__id__": 12
    },
    "_level": 3,
    "_components": [
      {
        "__type__": "cc.Label",
        "node": {
          "__id__": 13
        },
        "_materials": [
          {
            "__uuid__": "ecpdLyjvZBwrvm+cedCcQy"
          }
        ],
        "_useOriginalSize": false,
        "_string": "tip测试",
        "_N$string": "tip测试",
        "_fontSize": 20,
        "_enableWrapText": false,
        "_N$horizontalAlign": 1,
        "_N$verticalAlign": 1,
        "_N$overflow": 1
      }
    ],
    "_prefab": {
      "__type__": "cc.PrefabInfo",
      "root": {
        "__id__": 1
      },
      "asset": {
        "__uuid__": "d35f2XNW1NUrQyqmKz8+HZ"
      },
      "fileId": "e8DWMultREVJTeEVCKArAR"
    },
    "_color": {
      "__type__": "cc.Color"
    },
    "_contentSize": {
      "__type__": "cc.Size",
      "width": 100,
      "height": 40
    }
  },
  {
    "__type__": "cc.Node",
    "_name": "New Button copy",
    "_parent": {
      "__id__": 4
    },
    "_children": [
      {
        "__id__": 15
      }
    ],
    "_level": 5,
    "_components": [
      {
        "__type__": "cab9bUXOXBDk6Oo/t2eesSG",
        "node": {
          "__id__": 14
        },
        "clickEvents": [
          {
            "__type__": "cc.ClickEvent",
            "target": {
              "__id__": 1
            },
            "_componentId": "cc370fUVNhEQaYOTe7seOky",
            "handler": "btnCb",
            "customEventData": "d4"
          }
        ]
      }
    ],
    "_prefab": {
      "__type__": "cc.PrefabInfo",
      "root": {
        "__id__": 1
      },
      "asset": {
        "__uuid__": "d35f2XNW1NUrQyqmKz8+HZ"
      },
      "fileId": "66s+hjqDJI2pGMWYU2P/xy"
    },
    "_contentSize": {
      "__type__": "cc.Size",
      "width": 100,
      "height": 40
    },
    "_position": {
      "__type__": "cc.Vec3",
      "y": -60
    }
  },
  {
    "__type__": "cc.Node",
    "_name": "Background",
    "_parent": {
      "__id__": 14
    },
    "_children": [
      {
        "__id__": 16
      }
    ],
    "_level": 2,
    "_components": [
      {
        "__type__": "cc.Sprite",
        "node": {
          "__id__": 15
        },
        "_materials": [
          {
            "__uuid__": "ecpdLyjvZBwrvm+cedCcQy"
          }
        ],
        "_spriteFrame": {
          "__uuid__": "f0BIwQ8D5Ml7nTNQbh1YlS"
        },
        "_type": 1,
        "_sizeMode": 0
      },
      {
        "__type__": "cc.Widget",
        "node": {
          "__id__": 15
        },
        "alignMode": 0,
        "_alignFlags": 45,
        "_originalWidth": 100,
        "_originalHeight": 40
      }
    ],
    "_prefab": {
      "__type__": "cc.PrefabInfo",
      "root": {
        "__id__": 1
      },
      "asset": {
        "__uuid__": "d35f2XNW1NUrQyqmKz8+HZ"
      },
      "fileId": "7fPkPApSZIOIsDLw47pLD1"
    },
    "_contentSize": {
      "__type__": "cc.Size",
      "width": 100,
      "height": 40
    }
  },
  {
    "__type__": "cc.Node",
    "_name": "Label",
    "_parent": {
      "__id__": 15
    },
    "_level": 3,
    "_components": [
      {
        "__type__": "cc.Label",
        "node": {
          "__id__": 16
        },
        "_materials": [
          {
            "__uuid__": "ecpdLyjvZBwrvm+cedCcQy"
          }
        ],
        "_useOriginalSize": false,
        "_string": "进度条",
        "_N$string": "进度条",
        "_fontSize": 20,
        "_enableWrapText": false,
        "_N$horizontalAlign": 1,
        "_N$verticalAlign": 1,
        "_N$overflow": 1
      }
    ],
    "_prefab": {
      "__type__": "cc.PrefabInfo",
      "root": {
        "__id__": 1
      },
      "asset": {
        "__uuid__": "d35f2XNW1NUrQyqmKz8+HZ"
      },
      "fileId": "ddxCR9yUtI37QlAJDJGMto"
    },
    "_color": {
      "__type__": "cc.Color"
    },
    "_contentSize": {
      "__type__": "cc.Size",
      "width": 100,
      "height": 40
    }
  },
  {
    "__type__": "cc.Node",
    "_name": "New Button copy",
    "_parent": {
      "__id__": 4
    },
    "_children": [
      {
        "__id__": 18
      }
    ],
    "_level": 5,
    "_components": [
      {
        "__type__": "cab9bUXOXBDk6Oo/t2eesSG",
        "node": {
          "__id__": 17
        },
        "clickEvents": [
          {
            "__type__": "cc.ClickEvent",
            "target": {
              "__id__": 1
            },
            "_componentId": "cc370fUVNhEQaYOTe7seOky",
            "handler": "btnCb",
            "customEventData": "d5"
          }
        ]
      }
    ],
    "_prefab": {
      "__type__": "cc.PrefabInfo",
      "root": {
        "__id__": 1
      },
      "asset": {
        "__uuid__": "d35f2XNW1NUrQyqmKz8+HZ"
      },
      "fileId": "2ciq7T0EtLs6I1Mc4LvhDr"
    },
    "_contentSize": {
      "__type__": "cc.Size",
      "width": 100,
      "height": 40
    },
    "_position": {
      "__type__": "cc.Vec3",
      "y": -120
    }
  },
  {
    "__type__": "cc.Node",
    "_name": "Background",
    "_parent": {
      "__id__": 17
    },
    "_children": [
      {
        "__id__": 19
      }
    ],
    "_level": 2,
    "_components": [
      {
        "__type__": "cc.Sprite",
        "node": {
          "__id__": 18
        },
        "_materials": [
          {
            "__uuid__": "ecpdLyjvZBwrvm+cedCcQy"
          }
        ],
        "_spriteFrame": {
          "__uuid__": "f0BIwQ8D5Ml7nTNQbh1YlS"
        },
        "_type": 1,
        "_sizeMode": 0
      },
      {
        "__type__": "cc.Widget",
        "node": {
          "__id__": 18
        },
        "alignMode": 0,
        "_alignFlags": 45,
        "_originalWidth": 100,
        "_originalHeight": 40
      }
    ],
    "_prefab": {
      "__type__": "cc.PrefabInfo",
      "root": {
        "__id__": 1
      },
      "asset": {
        "__uuid__": "d35f2XNW1NUrQyqmKz8+HZ"
      },
      "fileId": "ffaoF3Qs5J9ooc8aRzmtk9"
    },
    "_contentSize": {
      "__type__": "cc.Size",
      "width": 100,
      "height": 40
    }
  },
  {
    "__type__": "cc.Node",
    "_name": "Label",
    "_parent": {
      "__id__": 18
    },
    "_level": 3,
    "_components": [
      {
        "__type__": "cc.Label",
        "node": {
          "__id__": 19
        },
        "_materials": [
          {
            "__uuid__": "ecpdLyjvZBwrvm+cedCcQy"
          }
        ],
        "_useOriginalSize": false,
        "_string": "圆形进度",
        "_N$string": "圆形进度",
        "_fontSize": 20,
        "_enableWrapText": false,
        "_N$horizontalAlign": 1,
        "_N$verticalAlign": 1,
        "_N$overflow": 1
      }
    ],
    "_prefab": {
      "__type__": "cc.PrefabInfo",
      "root": {
        "__id__": 1
      },
      "asset": {
        "__uuid__": "d35f2XNW1NUrQyqmKz8+HZ"
      },
      "fileId": "92T1odT4xEppGOpPag5FAy"
    },
    "_color": {
      "__type__": "cc.Color"
    },
    "_contentSize": {
      "__type__": "cc.Size",
      "width": 100,
      "height": 40
    }
  },
  {
    "__type__": "cc.Node",
    "_name": "ProgressBar",
    "_parent": {
      "__id__": 3
    },
    "_children": [
      {
        "__id__": 21
      }
    ],
    "_level": 4,
    "_components": [
      {
        "__type__": "cc.Sprite",
        "node": {
          "__id__": 20
        },
        "_materials": [
          {
            "__uuid__": "ecpdLyjvZBwrvm+cedCcQy"
          }
        ],
        "_spriteFrame": {
          "__uuid__": "8855/VlrRKd6H0MSRnFxAU"
        },
        "_type": 1,
        "_sizeMode": 0
      },
      {
        "__type__": "7781cgsMwdAWZJB8Vw/YTXI",
        "node": {
          "__id__": 20
        },
        "_N$totalLength": 150,
        "_N$barSprite": {
          "__id__": 22
        },
        "_N$progress": 0.6
      }
    ],
    "_prefab": {
      "__type__": "cc.PrefabInfo",
      "root": {
        "__id__": 1
      },
      "asset": {
        "__uuid__": "d35f2XNW1NUrQyqmKz8+HZ"
      },
      "fileId": "70f3s/pNpHR7kAaJwCvEvh"
    },
    "_contentSize": {
      "__type__": "cc.Size",
      "width": 150,
      "height": 15
    },
    "_position": {
      "__type__": "cc.Vec3",
      "x": 186.004,
      "y": 366.196
    }
  },
  {
    "__type__": "cc.Node",
    "_name": "bar",
    "_parent": {
      "__id__": 20
    },
    "_components": [
      {
        "__id__": 22
      },
      {
        "__type__": "cc.Widget",
        "node": {
          "__id__": 21
        },
        "_alignFlags": 8
      }
    ],
    "_prefab": {
      "__type__": "cc.PrefabInfo",
      "root": {
        "__id__": 1
      },
      "asset": {
        "__uuid__": "d35f2XNW1NUrQyqmKz8+HZ"
      },
      "fileId": "6fElz0jE5BBqkDxsTwtINN"
    },
    "_contentSize": {
      "__type__": "cc.Size",
      "width": 90,
      "height": 15
    },
    "_anchorPoint": {
      "__type__": "cc.Vec2",
      "y": 0.5
    },
    "_position": {
      "__type__": "cc.Vec3",
      "x": -75
    }
  },
  {
    "__type__": "cc.Sprite",
    "node": {
      "__id__": 21
    },
    "_materials": [
      {
        "__uuid__": "ecpdLyjvZBwrvm+cedCcQy"
      }
    ],
    "_spriteFrame": {
      "__uuid__": "675ovJ2tVK2aLYfgPUWOMv"
    },
    "_type": 1,
    "_sizeMode": 0
  },
  {
    "__type__": "cc.Node",
    "_name": "ProgressCircle",
    "_parent": {
      "__id__": 3
    },
    "_children": [
      {
        "__id__": 24
      }
    ],
    "_level": 4,
    "_components": [
      {
        "__type__": "84313JeWl9JKJA3YMCZTbFD",
        "node": {
          "__id__": 23
        },
        "bar": {
          "__id__": 25
        },
        "_N$progress": 0.1
      }
    ],
    "_prefab": {
      "__type__": "cc.PrefabInfo",
      "root": {
        "__id__": 1
      },
      "asset": {
        "__uuid__": "d35f2XNW1NUrQyqmKz8+HZ"
      },
      "fileId": "24cWGuMQFHPq6HDci8HN0e"
    },
    "_contentSize": {
      "__type__": "cc.Size",
      "width": 100,
      "height": 100
    },
    "_position": {
      "__type__": "cc.Vec3",
      "x": -136.597,
      "y": 369.102
    }
  },
  {
    "__type__": "cc.Node",
    "_name": "bar",
    "_parent": {
      "__id__": 23
    },
    "_level": 3,
    "_components": [
      {
        "__id__": 25
      }
    ],
    "_prefab": {
      "__type__": "cc.PrefabInfo",
      "root": {
        "__id__": 1
      },
      "asset": {
        "__uuid__": "d35f2XNW1NUrQyqmKz8+HZ"
      },
      "fileId": "e5DYsuRgxEW6TZmJ88snid"
    },
    "_contentSize": {
      "__type__": "cc.Size",
      "width": 100,
      "height": 100
    }
  },
  {
    "__type__": "cc.Sprite",
    "node": {
      "__id__": 24
    },
    "_materials": [
      {
        "__uuid__": "ecpdLyjvZBwrvm+cedCcQy"
      }
    ],
    "_spriteFrame": {
      "__uuid__": "a2MjXRFdtLlYQ5ouAFv/+R"
    },
    "_type": 3,
    "_sizeMode": 0,
    "_fillType": 2,
    "_fillCenter": {
      "__type__": "cc.Vec2",
      "x": 0.5,
      "y": 0.5
    },
    "_fillStart": 0.25,
    "_fillRange": 0.12
  }
]