{
  "__type__": "cc.JsonAsset",
  "_name": "turretSecondData",
  "json": [
    {
      "level": "1",
      "attack": "357"
    },
    {
      "level": "2",
      "attack": "374"
    },
    {
      "level": "3",
      "attack": "391"
    },
    {
      "level": "4",
      "attack": "408"
    },
    {
      "level": "5",
      "attack": "442"
    },
    {
      "level": "6",
      "attack": "459"
    },
    {
      "level": "7",
      "attack": "476"
    },
    {
      "level": "8",
      "attack": "510"
    },
    {
      "level": "9",
      "attack": "527"
    },
    {
      "level": "10",
      "attack": "561"
    },
    {
      "level": "11",
      "attack": "595"
    },
    {
      "level": "12",
      "attack": "612"
    },
    {
      "level": "13",
      "attack": "646"
    },
    {
      "level": "14",
      "attack": "680"
    },
    {
      "level": "15",
      "attack": "714"
    },
    {
      "level": "16",
      "attack": "765"
    },
    {
      "level": "17",
      "attack": "799"
    },
    {
      "level": "18",
      "attack": "833"
    },
    {
      "level": "19",
      "attack": "884"
    },
    {
      "level": "20",
      "attack": "918"
    },
    {
      "level": "21",
      "attack": "969"
    },
    {
      "level": "22",
      "attack": "1020"
    },
    {
      "level": "23",
      "attack": "1071"
    },
    {
      "level": "24",
      "attack": "1122"
    },
    {
      "level": "25",
      "attack": "1190"
    },
    {
      "level": "26",
      "attack": "1241"
    },
    {
      "level": "27",
      "attack": "1309"
    },
    {
      "level": "28",
      "attack": "1377"
    },
    {
      "level": "29",
      "attack": "1445"
    },
    {
      "level": "30",
      "attack": "1530"
    },
    {
      "level": "31",
      "attack": "1598"
    },
    {
      "level": "32",
      "attack": "1683"
    },
    {
      "level": "33",
      "attack": "1768"
    },
    {
      "level": "34",
      "attack": "1870"
    },
    {
      "level": "35",
      "attack": "1955"
    },
    {
      "level": "36",
      "attack": "2057"
    },
    {
      "level": "37",
      "attack": "2159"
    },
    {
      "level": "38",
      "attack": "2278"
    },
    {
      "level": "39",
      "attack": "2397"
    },
    {
      "level": "40",
      "attack": "2516"
    },
    {
      "level": "41",
      "attack": "2652"
    },
    {
      "level": "42",
      "attack": "2788"
    },
    {
      "level": "43",
      "attack": "2924"
    },
    {
      "level": "44",
      "attack": "3077"
    },
    {
      "level": "45",
      "attack": "3230"
    },
    {
      "level": "46",
      "attack": "3400"
    },
    {
      "level": "47",
      "attack": "3570"
    },
    {
      "level": "48",
      "attack": "3757"
    },
    {
      "level": "49",
      "attack": "3944"
    },
    {
      "level": "50",
      "attack": "4148"
    },
    {
      "level": "51",
      "attack": "4369"
    },
    {
      "level": "52",
      "attack": "4590"
    },
    {
      "level": "53",
      "attack": "4828"
    },
    {
      "level": "54",
      "attack": "5066"
    },
    {
      "level": "55",
      "attack": "5321"
    },
    {
      "level": "56",
      "attack": "5593"
    },
    {
      "level": "57",
      "attack": "5882"
    },
    {
      "level": "58",
      "attack": "6188"
    },
    {
      "level": "59",
      "attack": "6511"
    },
    {
      "level": "60",
      "attack": "6834"
    },
    {
      "level": "61",
      "attack": "7191"
    },
    {
      "level": "62",
      "attack": "7565"
    },
    {
      "level": "63",
      "attack": "7956"
    },
    {
      "level": "64",
      "attack": "8364"
    },
    {
      "level": "65",
      "attack": "8789"
    },
    {
      "level": "66",
      "attack": "9231"
    },
    {
      "level": "67",
      "attack": "9707"
    },
    {
      "level": "68",
      "attack": "10217"
    },
    {
      "level": "69",
      "attack": "10727"
    },
    {
      "level": "70",
      "attack": "11288"
    },
    {
      "level": "71",
      "attack": "11866"
    },
    {
      "level": "72",
      "attack": "12478"
    },
    {
      "level": "73",
      "attack": "13107"
    },
    {
      "level": "74",
      "attack": "13787"
    },
    {
      "level": "75",
      "attack": "14484"
    },
    {
      "level": "76",
      "attack": "15232"
    },
    {
      "level": "77",
      "attack": "16014"
    },
    {
      "level": "78",
      "attack": "16830"
    },
    {
      "level": "79",
      "attack": "17697"
    },
    {
      "level": "80",
      "attack": "18615"
    },
    {
      "level": "81",
      "attack": "19567"
    },
    {
      "level": "82",
      "attack": "20570"
    },
    {
      "level": "83",
      "attack": "21624"
    },
    {
      "level": "84",
      "attack": "22729"
    },
    {
      "level": "85",
      "attack": "23902"
    },
    {
      "level": "86",
      "attack": "25126"
    },
    {
      "level": "87",
      "attack": "26418"
    },
    {
      "level": "88",
      "attack": "27778"
    },
    {
      "level": "89",
      "attack": "29189"
    },
    {
      "level": "90",
      "attack": "30685"
    },
    {
      "level": "91",
      "attack": "32266"
    },
    {
      "level": "92",
      "attack": "33915"
    },
    {
      "level": "93",
      "attack": "35666"
    },
    {
      "level": "94",
      "attack": "37485"
    },
    {
      "level": "95",
      "attack": "39423"
    },
    {
      "level": "96",
      "attack": "41446"
    },
    {
      "level": "97",
      "attack": "43571"
    },
    {
      "level": "98",
      "attack": "45798"
    },
    {
      "level": "99",
      "attack": "48144"
    },
    {
      "level": "100",
      "attack": "50626"
    },
    {
      "level": "101",
      "attack": "53210"
    },
    {
      "level": "102",
      "attack": "55947"
    },
    {
      "level": "103",
      "attack": "58820"
    },
    {
      "level": "104",
      "attack": "61829"
    },
    {
      "level": "105",
      "attack": "65008"
    },
    {
      "level": "106",
      "attack": "68340"
    },
    {
      "level": "107",
      "attack": "71842"
    },
    {
      "level": "108",
      "attack": "75531"
    },
    {
      "level": "109",
      "attack": "79407"
    },
    {
      "level": "110",
      "attack": "83487"
    },
    {
      "level": "111",
      "attack": "87771"
    },
    {
      "level": "112",
      "attack": "92276"
    },
    {
      "level": "113",
      "attack": "97002"
    },
    {
      "level": "114",
      "attack": "101983"
    },
    {
      "level": "115",
      "attack": "107219"
    },
    {
      "level": "116",
      "attack": "112710"
    },
    {
      "level": "117",
      "attack": "118490"
    },
    {
      "level": "118",
      "attack": "124576"
    },
    {
      "level": "119",
      "attack": "130968"
    },
    {
      "level": "120",
      "attack": "137683"
    },
    {
      "level": "121",
      "attack": "144755"
    },
    {
      "level": "122",
      "attack": "152184"
    },
    {
      "level": "123",
      "attack": "159987"
    },
    {
      "level": "124",
      "attack": "168198"
    },
    {
      "level": "125",
      "attack": "176817"
    },
    {
      "level": "126",
      "attack": "185895"
    },
    {
      "level": "127",
      "attack": "195432"
    },
    {
      "level": "128",
      "attack": "205462"
    },
    {
      "level": "129",
      "attack": "216002"
    },
    {
      "level": "130",
      "attack": "227086"
    },
    {
      "level": "131",
      "attack": "238731"
    },
    {
      "level": "132",
      "attack": "250971"
    },
    {
      "level": "133",
      "attack": "263857"
    },
    {
      "level": "134",
      "attack": "277389"
    },
    {
      "level": "135",
      "attack": "291618"
    },
    {
      "level": "136",
      "attack": "306578"
    },
    {
      "level": "137",
      "attack": "322320"
    },
    {
      "level": "138",
      "attack": "338844"
    },
    {
      "level": "139",
      "attack": "356235"
    },
    {
      "level": "140",
      "attack": "374510"
    },
    {
      "level": "141",
      "attack": "393720"
    },
    {
      "level": "142",
      "attack": "413916"
    },
    {
      "level": "143",
      "attack": "435166"
    },
    {
      "level": "144",
      "attack": "457487"
    },
    {
      "level": "145",
      "attack": "480947"
    },
    {
      "level": "146",
      "attack": "505631"
    },
    {
      "level": "147",
      "attack": "531573"
    },
    {
      "level": "148",
      "attack": "558841"
    },
    {
      "level": "149",
      "attack": "587520"
    },
    {
      "level": "150",
      "attack": "617661"
    },
    {
      "level": "151",
      "attack": "649349"
    },
    {
      "level": "152",
      "attack": "682652"
    },
    {
      "level": "153",
      "attack": "717672"
    },
    {
      "level": "154",
      "attack": "754494"
    },
    {
      "level": "155",
      "attack": "793203"
    },
    {
      "level": "156",
      "attack": "833901"
    },
    {
      "level": "157",
      "attack": "876690"
    },
    {
      "level": "158",
      "attack": "921672"
    },
    {
      "level": "159",
      "attack": "968949"
    },
    {
      "level": "160",
      "attack": "1018657"
    },
    {
      "level": "161",
      "attack": "1070932"
    },
    {
      "level": "162",
      "attack": "1125859"
    },
    {
      "level": "163",
      "attack": "1183625"
    },
    {
      "level": "164",
      "attack": "1244349"
    },
    {
      "level": "165",
      "attack": "1308201"
    },
    {
      "level": "166",
      "attack": "1375317"
    },
    {
      "level": "167",
      "attack": "1445867"
    },
    {
      "level": "168",
      "attack": "1520055"
    },
    {
      "level": "169",
      "attack": "1598034"
    },
    {
      "level": "170",
      "attack": "1680025"
    },
    {
      "level": "171",
      "attack": "1766215"
    },
    {
      "level": "172",
      "attack": "1856825"
    },
    {
      "level": "173",
      "attack": "1952093"
    },
    {
      "level": "174",
      "attack": "2052240"
    },
    {
      "level": "175",
      "attack": "2157538"
    },
    {
      "level": "176",
      "attack": "2268225"
    },
    {
      "level": "177",
      "attack": "2384590"
    },
    {
      "level": "178",
      "attack": "2506922"
    },
    {
      "level": "179",
      "attack": "2635544"
    },
    {
      "level": "180",
      "attack": "2770762"
    },
    {
      "level": "181",
      "attack": "2912916"
    },
    {
      "level": "182",
      "attack": "3062363"
    },
    {
      "level": "183",
      "attack": "3219477"
    },
    {
      "level": "184",
      "attack": "3384649"
    },
    {
      "level": "185",
      "attack": "3558287"
    },
    {
      "level": "186",
      "attack": "3740850"
    },
    {
      "level": "187",
      "attack": "3932763"
    },
    {
      "level": "188",
      "attack": "4134536"
    },
    {
      "level": "189",
      "attack": "4346662"
    },
    {
      "level": "190",
      "attack": "4569651"
    },
    {
      "level": "191",
      "attack": "4804098"
    },
    {
      "level": "192",
      "attack": "5050564"
    },
    {
      "level": "193",
      "attack": "5309678"
    },
    {
      "level": "194",
      "attack": "5582103"
    },
    {
      "level": "195",
      "attack": "5868485"
    },
    {
      "level": "196",
      "attack": "6169555"
    },
    {
      "level": "197",
      "attack": "6486078"
    },
    {
      "level": "198",
      "attack": "6818853"
    },
    {
      "level": "199",
      "attack": "7168679"
    },
    {
      "level": "200",
      "attack": "7536474"
    },
    {
      "level": "201",
      "attack": "7923122"
    },
    {
      "level": "202",
      "attack": "8329609"
    },
    {
      "level": "203",
      "attack": "8756955"
    },
    {
      "level": "204",
      "attack": "9206231"
    },
    {
      "level": "205",
      "attack": "9678542"
    },
    {
      "level": "206",
      "attack": "10175095"
    },
    {
      "level": "207",
      "attack": "10697131"
    },
    {
      "level": "208",
      "attack": "11245942"
    },
    {
      "level": "209",
      "attack": "11822905"
    },
    {
      "level": "210",
      "attack": "12429465"
    },
    {
      "level": "211",
      "attack": "13067152"
    },
    {
      "level": "212",
      "attack": "13737547"
    },
    {
      "level": "213",
      "attack": "14442350"
    },
    {
      "level": "214",
      "attack": "15183295"
    },
    {
      "level": "215",
      "attack": "15962269"
    },
    {
      "level": "216",
      "attack": "16781210"
    },
    {
      "level": "217",
      "attack": "17642158"
    },
    {
      "level": "218",
      "attack": "18547272"
    },
    {
      "level": "219",
      "attack": "19498830"
    },
    {
      "level": "220",
      "attack": "20499195"
    },
    {
      "level": "221",
      "attack": "21550900"
    },
    {
      "level": "222",
      "attack": "22656546"
    },
    {
      "level": "223",
      "attack": "23818921"
    },
    {
      "level": "224",
      "attack": "25040949"
    },
    {
      "level": "225",
      "attack": "26325656"
    },
    {
      "level": "226",
      "attack": "27676272"
    },
    {
      "level": "227",
      "attack": "29096180"
    },
    {
      "level": "228",
      "attack": "30588933"
    },
    {
      "level": "229",
      "attack": "32158288"
    },
    {
      "level": "230",
      "attack": "33808138"
    },
    {
      "level": "231",
      "attack": "35542648"
    },
    {
      "level": "232",
      "attack": "37366136"
    },
    {
      "level": "233",
      "attack": "39283175"
    },
    {
      "level": "234",
      "attack": "41298576"
    },
    {
      "level": "235",
      "attack": "43417371"
    },
    {
      "level": "236",
      "attack": "45644864"
    },
    {
      "level": "237",
      "attack": "47986648"
    },
    {
      "level": "238",
      "attack": "50448571"
    },
    {
      "level": "239",
      "attack": "53036804"
    },
    {
      "level": "240",
      "attack": "55757824"
    },
    {
      "level": "241",
      "attack": "58618431"
    },
    {
      "level": "242",
      "attack": "61625816"
    },
    {
      "level": "243",
      "attack": "64787476"
    },
    {
      "level": "244",
      "attack": "68111367"
    },
    {
      "level": "245",
      "attack": "71605768"
    },
    {
      "level": "246",
      "attack": "75279451"
    },
    {
      "level": "247",
      "attack": "79141613"
    },
    {
      "level": "248",
      "attack": "83201910"
    },
    {
      "level": "249",
      "attack": "87470525"
    },
    {
      "level": "250",
      "attack": "91958151"
    },
    {
      "level": "251",
      "attack": "96675991"
    },
    {
      "level": "252",
      "attack": "101635894"
    },
    {
      "level": "253",
      "attack": "106850253"
    },
    {
      "level": "254",
      "attack": "112332124"
    },
    {
      "level": "255",
      "attack": "118095260"
    },
    {
      "level": "256",
      "attack": "124154043"
    },
    {
      "level": "257",
      "attack": "130523688"
    },
    {
      "level": "258",
      "attack": "137220107"
    },
    {
      "level": "259",
      "attack": "144260096"
    },
    {
      "level": "260",
      "attack": "151661267"
    },
    {
      "level": "261",
      "attack": "159442133"
    },
    {
      "level": "262",
      "attack": "167622210"
    },
    {
      "level": "263",
      "attack": "176221949"
    },
    {
      "level": "264",
      "attack": "185262889"
    },
    {
      "level": "265",
      "attack": "194767674"
    },
    {
      "level": "266",
      "attack": "204760104"
    },
    {
      "level": "267",
      "attack": "215265186"
    },
    {
      "level": "268",
      "attack": "226309219"
    },
    {
      "level": "269",
      "attack": "237919845"
    },
    {
      "level": "270",
      "attack": "250126168"
    },
    {
      "level": "271",
      "attack": "262958720"
    },
    {
      "level": "272",
      "attack": "276449631"
    },
    {
      "level": "273",
      "attack": "290632680"
    },
    {
      "level": "274",
      "attack": "305543397"
    },
    {
      "level": "275",
      "attack": "321219097"
    },
    {
      "level": "276",
      "attack": "337699016"
    },
    {
      "level": "277",
      "attack": "355024430"
    },
    {
      "level": "278",
      "attack": "373238706"
    },
    {
      "level": "279",
      "attack": "392387472"
    },
    {
      "level": "280",
      "attack": "412518634"
    },
    {
      "level": "281",
      "attack": "433682614"
    },
    {
      "level": "282",
      "attack": "455932401"
    },
    {
      "level": "283",
      "attack": "479323704"
    },
    {
      "level": "284",
      "attack": "503915071"
    },
    {
      "level": "285",
      "attack": "529768093"
    },
    {
      "level": "286",
      "attack": "556947489"
    },
    {
      "level": "287",
      "attack": "585521293"
    },
    {
      "level": "288",
      "attack": "615561058"
    },
    {
      "level": "289",
      "attack": "647141992"
    },
    {
      "level": "290",
      "attack": "680343162"
    },
    {
      "level": "291",
      "attack": "715247698"
    },
    {
      "level": "292",
      "attack": "751942997"
    },
    {
      "level": "293",
      "attack": "790520910"
    },
    {
      "level": "294",
      "attack": "831078031"
    },
    {
      "level": "295",
      "attack": "873715918"
    },
    {
      "level": "296",
      "attack": "918541314"
    },
    {
      "level": "297",
      "attack": "965666453"
    },
    {
      "level": "298",
      "attack": "1015209298"
    },
    {
      "level": "299",
      "attack": "1067293915"
    },
    {
      "level": "300",
      "attack": "1122050694"
    }
  ]
}