[
  {
    "__type__": "cc.Prefab",
    "_name": "TempPop",
    "data": {
      "__id__": 1
    }
  },
  {
    "__type__": "cc.Node",
    "_name": "TempPop",
    "_children": [
      {
        "__id__": 2
      }
    ],
    "_level": 1,
    "_components": [
      {
        "__type__": "cc.Widget",
        "node": {
          "__id__": 1
        },
        "_alignFlags": 45
      },
      {
        "__type__": "0214dGdWP5Aqaga6UmWOdvS",
        "node": {
          "__id__": 1
        },
        "maskOpacity": 128
      }
    ],
    "_prefab": {
      "__type__": "cc.PrefabInfo",
      "root": {
        "__id__": 1
      },
      "asset": {
        "__uuid__": "26CFEMmWpLCKYxqnzTwSkY"
      },
      "fileId": "3bBhKmGjxFCKhP7givI8+F"
    },
    "_contentSize": {
      "__type__": "cc.Size",
      "width": 750,
      "height": 1334
    },
    "_position": {
      "__type__": "cc.Vec3",
      "x": 375,
      "y": 667
    }
  },
  {
    "__type__": "cc.Node",
    "_name": "root",
    "_parent": {
      "__id__": 1
    },
    "_children": [
      {
        "__id__": 3
      }
    ],
    "_level": 2,
    "_components": [
      {
        "__type__": "cc.Widget",
        "node": {
          "__id__": 2
        },
        "_alignFlags": 45
      }
    ],
    "_prefab": {
      "__type__": "cc.PrefabInfo",
      "root": {
        "__id__": 1
      },
      "asset": {
        "__uuid__": "26CFEMmWpLCKYxqnzTwSkY"
      },
      "fileId": "79im3HDMxLS4MALrMSjAlq"
    },
    "_contentSize": {
      "__type__": "cc.Size",
      "width": 750,
      "height": 1334
    }
  },
  {
    "__type__": "cc.Node",
    "_name": "bg",
    "_parent": {
      "__id__": 2
    },
    "_children": [
      {
        "__id__": 4
      }
    ],
    "_level": 3,
    "_components": [
      {
        "__type__": "cc.Sprite",
        "node": {
          "__id__": 3
        },
        "_materials": [
          {
            "__uuid__": "ecpdLyjvZBwrvm+cedCcQy"
          }
        ],
        "_spriteFrame": {
          "__uuid__": "a2MjXRFdtLlYQ5ouAFv/+R"
        },
        "_sizeMode": 0
      },
      {
        "__type__": "cc.BlockInputEvents",
        "node": {
          "__id__": 3
        }
      }
    ],
    "_prefab": {
      "__type__": "cc.PrefabInfo",
      "root": {
        "__id__": 1
      },
      "asset": {
        "__uuid__": "26CFEMmWpLCKYxqnzTwSkY"
      },
      "fileId": "a6EDCLfORDxrHzf+M6j5Qw"
    },
    "_color": {
      "__type__": "cc.Color",
      "r": 52,
      "g": 153,
      "b": 162
    },
    "_contentSize": {
      "__type__": "cc.Size",
      "width": 400,
      "height": 600
    }
  },
  {
    "__type__": "cc.Node",
    "_name": "New Label",
    "_parent": {
      "__id__": 3
    },
    "_level": 4,
    "_components": [
      {
        "__type__": "cc.Label",
        "node": {
          "__id__": 4
        },
        "_materials": [
          {
            "__uuid__": "ecpdLyjvZBwrvm+cedCcQy"
          }
        ],
        "_useOriginalSize": false,
        "_string": "pop模版，复制此模版快速创建",
        "_N$string": "pop模版，复制此模版快速创建",
        "_N$horizontalAlign": 1,
        "_N$verticalAlign": 1
      }
    ],
    "_prefab": {
      "__type__": "cc.PrefabInfo",
      "root": {
        "__id__": 1
      },
      "asset": {
        "__uuid__": "26CFEMmWpLCKYxqnzTwSkY"
      },
      "fileId": "96k+DSXKJBjqkU5+3Aoq2h"
    },
    "_contentSize": {
      "__type__": "cc.Size",
      "width": 546.74,
      "height": 50.4
    }
  }
]