{
  "__type__": "cc.JsonAsset",
  "_name": "upStarGotData",
  "json": [
    {
      "level": "1",
      "evolutionExp": "1"
    },
    {
      "level": "2",
      "evolutionExp": "2"
    },
    {
      "level": "3",
      "evolutionExp": "3"
    },
    {
      "level": "4",
      "evolutionExp": "4"
    },
    {
      "level": "5",
      "evolutionExp": "5"
    },
    {
      "level": "6",
      "evolutionExp": "6"
    },
    {
      "level": "7",
      "evolutionExp": "7"
    },
    {
      "level": "8",
      "evolutionExp": "9"
    },
    {
      "level": "9",
      "evolutionExp": "10"
    },
    {
      "level": "10",
      "evolutionExp": "11"
    },
    {
      "level": "11",
      "evolutionExp": "12"
    },
    {
      "level": "12",
      "evolutionExp": "13"
    },
    {
      "level": "13",
      "evolutionExp": "14"
    },
    {
      "level": "14",
      "evolutionExp": "15"
    },
    {
      "level": "15",
      "evolutionExp": "16"
    },
    {
      "level": "16",
      "evolutionExp": "17"
    },
    {
      "level": "17",
      "evolutionExp": "19"
    },
    {
      "level": "18",
      "evolutionExp": "20"
    },
    {
      "level": "19",
      "evolutionExp": "21"
    },
    {
      "level": "20",
      "evolutionExp": "22"
    },
    {
      "level": "21",
      "evolutionExp": "23"
    },
    {
      "level": "22",
      "evolutionExp": "24"
    },
    {
      "level": "23",
      "evolutionExp": "26"
    },
    {
      "level": "24",
      "evolutionExp": "27"
    },
    {
      "level": "25",
      "evolutionExp": "28"
    },
    {
      "level": "26",
      "evolutionExp": "29"
    },
    {
      "level": "27",
      "evolutionExp": "31"
    },
    {
      "level": "28",
      "evolutionExp": "32"
    },
    {
      "level": "29",
      "evolutionExp": "33"
    },
    {
      "level": "30",
      "evolutionExp": "34"
    },
    {
      "level": "31",
      "evolutionExp": "36"
    },
    {
      "level": "32",
      "evolutionExp": "37"
    },
    {
      "level": "33",
      "evolutionExp": "38"
    },
    {
      "level": "34",
      "evolutionExp": "40"
    },
    {
      "level": "35",
      "evolutionExp": "41"
    },
    {
      "level": "36",
      "evolutionExp": "43"
    },
    {
      "level": "37",
      "evolutionExp": "44"
    },
    {
      "level": "38",
      "evolutionExp": "46"
    },
    {
      "level": "39",
      "evolutionExp": "47"
    },
    {
      "level": "40",
      "evolutionExp": "49"
    },
    {
      "level": "41",
      "evolutionExp": "50"
    },
    {
      "level": "42",
      "evolutionExp": "52"
    },
    {
      "level": "43",
      "evolutionExp": "54"
    },
    {
      "level": "44",
      "evolutionExp": "55"
    },
    {
      "level": "45",
      "evolutionExp": "57"
    },
    {
      "level": "46",
      "evolutionExp": "59"
    },
    {
      "level": "47",
      "evolutionExp": "61"
    },
    {
      "level": "48",
      "evolutionExp": "62"
    },
    {
      "level": "49",
      "evolutionExp": "64"
    },
    {
      "level": "50",
      "evolutionExp": "66"
    },
    {
      "level": "51",
      "evolutionExp": "68"
    },
    {
      "level": "52",
      "evolutionExp": "71"
    },
    {
      "level": "53",
      "evolutionExp": "73"
    },
    {
      "level": "54",
      "evolutionExp": "75"
    },
    {
      "level": "55",
      "evolutionExp": "77"
    },
    {
      "level": "56",
      "evolutionExp": "80"
    },
    {
      "level": "57",
      "evolutionExp": "82"
    },
    {
      "level": "58",
      "evolutionExp": "85"
    },
    {
      "level": "59",
      "evolutionExp": "87"
    },
    {
      "level": "60",
      "evolutionExp": "90"
    },
    {
      "level": "61",
      "evolutionExp": "93"
    },
    {
      "level": "62",
      "evolutionExp": "96"
    },
    {
      "level": "63",
      "evolutionExp": "99"
    },
    {
      "level": "64",
      "evolutionExp": "102"
    },
    {
      "level": "65",
      "evolutionExp": "106"
    },
    {
      "level": "66",
      "evolutionExp": "109"
    },
    {
      "level": "67",
      "evolutionExp": "113"
    },
    {
      "level": "68",
      "evolutionExp": "117"
    },
    {
      "level": "69",
      "evolutionExp": "121"
    },
    {
      "level": "70",
      "evolutionExp": "125"
    },
    {
      "level": "71",
      "evolutionExp": "129"
    },
    {
      "level": "72",
      "evolutionExp": "134"
    },
    {
      "level": "73",
      "evolutionExp": "138"
    },
    {
      "level": "74",
      "evolutionExp": "143"
    },
    {
      "level": "75",
      "evolutionExp": "149"
    },
    {
      "level": "76",
      "evolutionExp": "154"
    },
    {
      "level": "77",
      "evolutionExp": "160"
    },
    {
      "level": "78",
      "evolutionExp": "166"
    },
    {
      "level": "79",
      "evolutionExp": "172"
    },
    {
      "level": "80",
      "evolutionExp": "179"
    },
    {
      "level": "81",
      "evolutionExp": "186"
    },
    {
      "level": "82",
      "evolutionExp": "193"
    },
    {
      "level": "83",
      "evolutionExp": "201"
    },
    {
      "level": "84",
      "evolutionExp": "209"
    },
    {
      "level": "85",
      "evolutionExp": "218"
    },
    {
      "level": "86",
      "evolutionExp": "227"
    },
    {
      "level": "87",
      "evolutionExp": "236"
    },
    {
      "level": "88",
      "evolutionExp": "246"
    },
    {
      "level": "89",
      "evolutionExp": "257"
    },
    {
      "level": "90",
      "evolutionExp": "268"
    },
    {
      "level": "91",
      "evolutionExp": "279"
    },
    {
      "level": "92",
      "evolutionExp": "292"
    },
    {
      "level": "93",
      "evolutionExp": "305"
    },
    {
      "level": "94",
      "evolutionExp": "319"
    },
    {
      "level": "95",
      "evolutionExp": "333"
    },
    {
      "level": "96",
      "evolutionExp": "349"
    },
    {
      "level": "97",
      "evolutionExp": "365"
    },
    {
      "level": "98",
      "evolutionExp": "382"
    },
    {
      "level": "99",
      "evolutionExp": "400"
    },
    {
      "level": "100",
      "evolutionExp": "419"
    },
    {
      "level": "101",
      "evolutionExp": "439"
    },
    {
      "level": "102",
      "evolutionExp": "461"
    },
    {
      "level": "103",
      "evolutionExp": "483"
    },
    {
      "level": "104",
      "evolutionExp": "507"
    },
    {
      "level": "105",
      "evolutionExp": "532"
    },
    {
      "level": "106",
      "evolutionExp": "559"
    },
    {
      "level": "107",
      "evolutionExp": "587"
    },
    {
      "level": "108",
      "evolutionExp": "617"
    },
    {
      "level": "109",
      "evolutionExp": "649"
    },
    {
      "level": "110",
      "evolutionExp": "682"
    },
    {
      "level": "111",
      "evolutionExp": "718"
    },
    {
      "level": "112",
      "evolutionExp": "755"
    },
    {
      "level": "113",
      "evolutionExp": "795"
    },
    {
      "level": "114",
      "evolutionExp": "837"
    },
    {
      "level": "115",
      "evolutionExp": "881"
    },
    {
      "level": "116",
      "evolutionExp": "928"
    },
    {
      "level": "117",
      "evolutionExp": "978"
    },
    {
      "level": "118",
      "evolutionExp": "1031"
    },
    {
      "level": "119",
      "evolutionExp": "1086"
    },
    {
      "level": "120",
      "evolutionExp": "1146"
    },
    {
      "level": "121",
      "evolutionExp": "1208"
    },
    {
      "level": "122",
      "evolutionExp": "1274"
    },
    {
      "level": "123",
      "evolutionExp": "1345"
    },
    {
      "level": "124",
      "evolutionExp": "1419"
    },
    {
      "level": "125",
      "evolutionExp": "1498"
    },
    {
      "level": "126",
      "evolutionExp": "1581"
    },
    {
      "level": "127",
      "evolutionExp": "1670"
    },
    {
      "level": "128",
      "evolutionExp": "1763"
    },
    {
      "level": "129",
      "evolutionExp": "1862"
    },
    {
      "level": "130",
      "evolutionExp": "1967"
    },
    {
      "level": "131",
      "evolutionExp": "2079"
    },
    {
      "level": "132",
      "evolutionExp": "2197"
    },
    {
      "level": "133",
      "evolutionExp": "2322"
    },
    {
      "level": "134",
      "evolutionExp": "2454"
    },
    {
      "level": "135",
      "evolutionExp": "2594"
    },
    {
      "level": "136",
      "evolutionExp": "2743"
    },
    {
      "level": "137",
      "evolutionExp": "2900"
    },
    {
      "level": "138",
      "evolutionExp": "3067"
    },
    {
      "level": "139",
      "evolutionExp": "3244"
    },
    {
      "level": "140",
      "evolutionExp": "3431"
    },
    {
      "level": "141",
      "evolutionExp": "3630"
    },
    {
      "level": "142",
      "evolutionExp": "3840"
    },
    {
      "level": "143",
      "evolutionExp": "4063"
    },
    {
      "level": "144",
      "evolutionExp": "4300"
    },
    {
      "level": "145",
      "evolutionExp": "4550"
    },
    {
      "level": "146",
      "evolutionExp": "4815"
    },
    {
      "level": "147",
      "evolutionExp": "5097"
    },
    {
      "level": "148",
      "evolutionExp": "5395"
    },
    {
      "level": "149",
      "evolutionExp": "5710"
    },
    {
      "level": "150",
      "evolutionExp": "6045"
    },
    {
      "level": "151",
      "evolutionExp": "6400"
    },
    {
      "level": "152",
      "evolutionExp": "6776"
    },
    {
      "level": "153",
      "evolutionExp": "7174"
    },
    {
      "level": "154",
      "evolutionExp": "7597"
    },
    {
      "level": "155",
      "evolutionExp": "8044"
    },
    {
      "level": "156",
      "evolutionExp": "8519"
    },
    {
      "level": "157",
      "evolutionExp": "9022"
    },
    {
      "level": "158",
      "evolutionExp": "9555"
    },
    {
      "level": "159",
      "evolutionExp": "10120"
    },
    {
      "level": "160",
      "evolutionExp": "10718"
    },
    {
      "level": "161",
      "evolutionExp": "11353"
    },
    {
      "level": "162",
      "evolutionExp": "12025"
    },
    {
      "level": "163",
      "evolutionExp": "12738"
    },
    {
      "level": "164",
      "evolutionExp": "13494"
    },
    {
      "level": "165",
      "evolutionExp": "14295"
    },
    {
      "level": "166",
      "evolutionExp": "15143"
    },
    {
      "level": "167",
      "evolutionExp": "16043"
    },
    {
      "level": "168",
      "evolutionExp": "16997"
    },
    {
      "level": "169",
      "evolutionExp": "18008"
    },
    {
      "level": "170",
      "evolutionExp": "19079"
    },
    {
      "level": "171",
      "evolutionExp": "20215"
    },
    {
      "level": "172",
      "evolutionExp": "21418"
    },
    {
      "level": "173",
      "evolutionExp": "22694"
    },
    {
      "level": "174",
      "evolutionExp": "24046"
    },
    {
      "level": "175",
      "evolutionExp": "25480"
    },
    {
      "level": "176",
      "evolutionExp": "26999"
    },
    {
      "level": "177",
      "evolutionExp": "28610"
    },
    {
      "level": "178",
      "evolutionExp": "30317"
    },
    {
      "level": "179",
      "evolutionExp": "32126"
    },
    {
      "level": "180",
      "evolutionExp": "34044"
    },
    {
      "level": "181",
      "evolutionExp": "36077"
    },
    {
      "level": "182",
      "evolutionExp": "38232"
    },
    {
      "level": "183",
      "evolutionExp": "40516"
    },
    {
      "level": "184",
      "evolutionExp": "42937"
    },
    {
      "level": "185",
      "evolutionExp": "45503"
    },
    {
      "level": "186",
      "evolutionExp": "48223"
    },
    {
      "level": "187",
      "evolutionExp": "51106"
    },
    {
      "level": "188",
      "evolutionExp": "54163"
    },
    {
      "level": "189",
      "evolutionExp": "57402"
    },
    {
      "level": "190",
      "evolutionExp": "60836"
    },
    {
      "level": "191",
      "evolutionExp": "64476"
    },
    {
      "level": "192",
      "evolutionExp": "68334"
    },
    {
      "level": "193",
      "evolutionExp": "72423"
    },
    {
      "level": "194",
      "evolutionExp": "76758"
    },
    {
      "level": "195",
      "evolutionExp": "81353"
    },
    {
      "level": "196",
      "evolutionExp": "86224"
    },
    {
      "level": "197",
      "evolutionExp": "91386"
    },
    {
      "level": "198",
      "evolutionExp": "96859"
    },
    {
      "level": "199",
      "evolutionExp": "102660"
    },
    {
      "level": "200",
      "evolutionExp": "108808"
    },
    {
      "level": "201",
      "evolutionExp": "115326"
    },
    {
      "level": "202",
      "evolutionExp": "122234"
    },
    {
      "level": "203",
      "evolutionExp": "129557"
    },
    {
      "level": "204",
      "evolutionExp": "137320"
    },
    {
      "level": "205",
      "evolutionExp": "145548"
    },
    {
      "level": "206",
      "evolutionExp": "154269"
    },
    {
      "level": "207",
      "evolutionExp": "163514"
    },
    {
      "level": "208",
      "evolutionExp": "173314"
    },
    {
      "level": "209",
      "evolutionExp": "183701"
    },
    {
      "level": "210",
      "evolutionExp": "194712"
    },
    {
      "level": "211",
      "evolutionExp": "206383"
    },
    {
      "level": "212",
      "evolutionExp": "218754"
    },
    {
      "level": "213",
      "evolutionExp": "231868"
    },
    {
      "level": "214",
      "evolutionExp": "245768"
    },
    {
      "level": "215",
      "evolutionExp": "260503"
    },
    {
      "level": "216",
      "evolutionExp": "276121"
    },
    {
      "level": "217",
      "evolutionExp": "292676"
    },
    {
      "level": "218",
      "evolutionExp": "310225"
    },
    {
      "level": "219",
      "evolutionExp": "328826"
    },
    {
      "level": "220",
      "evolutionExp": "348544"
    },
    {
      "level": "221",
      "evolutionExp": "369444"
    },
    {
      "level": "222",
      "evolutionExp": "391599"
    },
    {
      "level": "223",
      "evolutionExp": "415083"
    },
    {
      "level": "224",
      "evolutionExp": "439975"
    },
    {
      "level": "225",
      "evolutionExp": "466361"
    },
    {
      "level": "226",
      "evolutionExp": "494330"
    },
    {
      "level": "227",
      "evolutionExp": "523978"
    },
    {
      "level": "228",
      "evolutionExp": "555404"
    },
    {
      "level": "229",
      "evolutionExp": "588716"
    },
    {
      "level": "230",
      "evolutionExp": "624026"
    },
    {
      "level": "231",
      "evolutionExp": "661455"
    },
    {
      "level": "232",
      "evolutionExp": "701129"
    },
    {
      "level": "233",
      "evolutionExp": "743184"
    },
    {
      "level": "234",
      "evolutionExp": "787762"
    },
    {
      "level": "235",
      "evolutionExp": "835015"
    },
    {
      "level": "236",
      "evolutionExp": "885103"
    },
    {
      "level": "237",
      "evolutionExp": "938196"
    },
    {
      "level": "238",
      "evolutionExp": "994474"
    },
    {
      "level": "239",
      "evolutionExp": "1054130"
    },
    {
      "level": "240",
      "evolutionExp": "1117364"
    },
    {
      "level": "241",
      "evolutionExp": "1184393"
    },
    {
      "level": "242",
      "evolutionExp": "1255443"
    },
    {
      "level": "243",
      "evolutionExp": "1330756"
    },
    {
      "level": "244",
      "evolutionExp": "1410588"
    },
    {
      "level": "245",
      "evolutionExp": "1495209"
    },
    {
      "level": "246",
      "evolutionExp": "1584908"
    },
    {
      "level": "247",
      "evolutionExp": "1679989"
    },
    {
      "level": "248",
      "evolutionExp": "1780775"
    },
    {
      "level": "249",
      "evolutionExp": "1887607"
    },
    {
      "level": "250",
      "evolutionExp": "2000850"
    },
    {
      "level": "251",
      "evolutionExp": "2120887"
    },
    {
      "level": "252",
      "evolutionExp": "2248126"
    },
    {
      "level": "253",
      "evolutionExp": "2383000"
    },
    {
      "level": "254",
      "evolutionExp": "2525965"
    },
    {
      "level": "255",
      "evolutionExp": "2677509"
    },
    {
      "level": "256",
      "evolutionExp": "2838146"
    },
    {
      "level": "257",
      "evolutionExp": "3008420"
    },
    {
      "level": "258",
      "evolutionExp": "3188911"
    },
    {
      "level": "259",
      "evolutionExp": "3380231"
    },
    {
      "level": "260",
      "evolutionExp": "3583030"
    },
    {
      "level": "261",
      "evolutionExp": "3797998"
    },
    {
      "level": "262",
      "evolutionExp": "4025863"
    },
    {
      "level": "263",
      "evolutionExp": "4267400"
    },
    {
      "level": "264",
      "evolutionExp": "4523429"
    },
    {
      "level": "265",
      "evolutionExp": "4794820"
    },
    {
      "level": "266",
      "evolutionExp": "5082495"
    },
    {
      "level": "267",
      "evolutionExp": "5387430"
    },
    {
      "level": "268",
      "evolutionExp": "5710660"
    },
    {
      "level": "269",
      "evolutionExp": "6053285"
    },
    {
      "level": "270",
      "evolutionExp": "6416467"
    },
    {
      "level": "271",
      "evolutionExp": "6801440"
    },
    {
      "level": "272",
      "evolutionExp": "7209511"
    },
    {
      "level": "273",
      "evolutionExp": "7642066"
    },
    {
      "level": "274",
      "evolutionExp": "8100575"
    },
    {
      "level": "275",
      "evolutionExp": "8586594"
    },
    {
      "level": "276",
      "evolutionExp": "9101774"
    },
    {
      "level": "277",
      "evolutionExp": "9647865"
    },
    {
      "level": "278",
      "evolutionExp": "10226722"
    },
    {
      "level": "279",
      "evolutionExp": "10840309"
    },
    {
      "level": "280",
      "evolutionExp": "11490712"
    },
    {
      "level": "281",
      "evolutionExp": "12180139"
    },
    {
      "level": "282",
      "evolutionExp": "12910932"
    },
    {
      "level": "283",
      "evolutionExp": "13685572"
    },
    {
      "level": "284",
      "evolutionExp": "14506690"
    },
    {
      "level": "285",
      "evolutionExp": "15377076"
    },
    {
      "level": "286",
      "evolutionExp": "16299684"
    },
    {
      "level": "287",
      "evolutionExp": "17277649"
    },
    {
      "level": "288",
      "evolutionExp": "18314292"
    },
    {
      "level": "289",
      "evolutionExp": "19413133"
    },
    {
      "level": "290",
      "evolutionExp": "20577905"
    },
    {
      "level": "291",
      "evolutionExp": "21812563"
    },
    {
      "level": "292",
      "evolutionExp": "23121300"
    },
    {
      "level": "293",
      "evolutionExp": "24508562"
    },
    {
      "level": "294",
      "evolutionExp": "25979059"
    },
    {
      "level": "295",
      "evolutionExp": "27537786"
    },
    {
      "level": "296",
      "evolutionExp": "29190037"
    },
    {
      "level": "297",
      "evolutionExp": "30941422"
    },
    {
      "level": "298",
      "evolutionExp": "32797891"
    },
    {
      "level": "299",
      "evolutionExp": "34765747"
    },
    {
      "level": "300",
      "evolutionExp": "36851675"
    }
  ]
}