[
  {
    "__type__": "cc.Prefab",
    "_name": "SettingPop",
    "data": {
      "__id__": 1
    }
  },
  {
    "__type__": "cc.Node",
    "_name": "SettingPop",
    "_children": [
      {
        "__id__": 2
      }
    ],
    "_level": 1,
    "_components": [
      {
        "__type__": "cc.Widget",
        "node": {
          "__id__": 1
        },
        "_alignFlags": 45
      },
      {
        "__type__": "aa366UT5FBP96nc5xY90RAT",
        "node": {
          "__id__": 1
        },
        "soundsNode": {
          "__id__": 10
        },
        "soudsVolume": {
          "__id__": 4
        },
        "versionLabel": {
          "__id__": 9
        }
      },
      {
        "__type__": "0214dGdWP5Aqaga6UmWOdvS",
        "node": {
          "__id__": 1
        },
        "maskOpacity": 128
      }
    ],
    "_prefab": {
      "__type__": "cc.PrefabInfo",
      "root": {
        "__id__": 1
      },
      "asset": {
        "__uuid__": "96+inJU7FE75NE8Pe2YOjq"
      },
      "fileId": "9apwHvO7FFspqJ9Rd7tHtC"
    },
    "_contentSize": {
      "__type__": "cc.Size",
      "width": 750,
      "height": 1334
    },
    "_position": {
      "__type__": "cc.Vec3",
      "x": 375,
      "y": 667
    }
  },
  {
    "__type__": "cc.Node",
    "_name": "root",
    "_parent": {
      "__id__": 1
    },
    "_children": [
      {
        "__id__": 3
      }
    ],
    "_level": 3,
    "_components": [
      {
        "__type__": "cc.Widget",
        "node": {
          "__id__": 2
        },
        "_alignFlags": 45
      }
    ],
    "_prefab": {
      "__type__": "cc.PrefabInfo",
      "root": {
        "__id__": 1
      },
      "asset": {
        "__uuid__": "96+inJU7FE75NE8Pe2YOjq"
      },
      "fileId": "25cpfyIuVJTJRkV9knDo8m"
    },
    "_contentSize": {
      "__type__": "cc.Size",
      "width": 750,
      "height": 1334
    }
  },
  {
    "__type__": "cc.Node",
    "_name": "bg",
    "_parent": {
      "__id__": 2
    },
    "_children": [
      {
        "__id__": 4
      },
      {
        "__id__": 8
      },
      {
        "__id__": 10
      }
    ],
    "_level": 4,
    "_components": [
      {
        "__type__": "cc.Sprite",
        "node": {
          "__id__": 3
        },
        "_materials": [
          {
            "__uuid__": "ecpdLyjvZBwrvm+cedCcQy"
          }
        ],
        "_spriteFrame": {
          "__uuid__": "a2MjXRFdtLlYQ5ouAFv/+R"
        },
        "_sizeMode": 0
      },
      {
        "__type__": "cc.BlockInputEvents",
        "node": {
          "__id__": 3
        }
      }
    ],
    "_prefab": {
      "__type__": "cc.PrefabInfo",
      "root": {
        "__id__": 1
      },
      "asset": {
        "__uuid__": "96+inJU7FE75NE8Pe2YOjq"
      },
      "fileId": "c2Axy+8ddH27enUyOzoh4j"
    },
    "_color": {
      "__type__": "cc.Color",
      "r": 114,
      "g": 95,
      "b": 95
    },
    "_contentSize": {
      "__type__": "cc.Size",
      "width": 500,
      "height": 400
    }
  },
  {
    "__type__": "cc.Node",
    "_name": "volume",
    "_parent": {
      "__id__": 3
    },
    "_children": [
      {
        "__id__": 5
      },
      {
        "__id__": 6
      }
    ],
    "_level": 5,
    "_components": [
      {
        "__type__": "cc.Slider",
        "node": {
          "__id__": 4
        },
        "slideEvents": [
          {
            "__type__": "cc.ClickEvent",
            "target": {
              "__id__": 1
            },
            "_componentId": "aa366UT5FBP96nc5xY90RAT",
            "handler": "sliderCallback"
          }
        ],
        "_N$handle": {
          "__id__": 7
        }
      }
    ],
    "_prefab": {
      "__type__": "cc.PrefabInfo",
      "root": {
        "__id__": 1
      },
      "asset": {
        "__uuid__": "96+inJU7FE75NE8Pe2YOjq"
      },
      "fileId": "d3tRLvDtpL2rxVqweqFEBy"
    },
    "_contentSize": {
      "__type__": "cc.Size",
      "width": 300,
      "height": 20
    },
    "_position": {
      "__type__": "cc.Vec3",
      "y": 120.154
    }
  },
  {
    "__type__": "cc.Node",
    "_name": "Background",
    "_parent": {
      "__id__": 4
    },
    "_components": [
      {
        "__type__": "cc.Sprite",
        "node": {
          "__id__": 5
        },
        "_materials": [
          {
            "__uuid__": "ecpdLyjvZBwrvm+cedCcQy"
          }
        ],
        "_spriteFrame": {
          "__uuid__": "312JYturtOx74Zjp9UpOqZ"
        },
        "_type": 1,
        "_sizeMode": 0
      }
    ],
    "_prefab": {
      "__type__": "cc.PrefabInfo",
      "root": {
        "__id__": 1
      },
      "asset": {
        "__uuid__": "96+inJU7FE75NE8Pe2YOjq"
      },
      "fileId": "69GmA8CN1B+YSPNrIoIzzd"
    },
    "_contentSize": {
      "__type__": "cc.Size",
      "width": 300,
      "height": 20
    }
  },
  {
    "__type__": "cc.Node",
    "_name": "Handle",
    "_parent": {
      "__id__": 4
    },
    "_components": [
      {
        "__type__": "cc.Sprite",
        "node": {
          "__id__": 6
        },
        "_materials": [
          {
            "__uuid__": "ecpdLyjvZBwrvm+cedCcQy"
          }
        ],
        "_spriteFrame": {
          "__uuid__": "e7q6FL+VZEgLJUjVeDLic/"
        },
        "_type": 1,
        "_sizeMode": 2
      },
      {
        "__id__": 7
      }
    ],
    "_prefab": {
      "__type__": "cc.PrefabInfo",
      "root": {
        "__id__": 1
      },
      "asset": {
        "__uuid__": "96+inJU7FE75NE8Pe2YOjq"
      },
      "fileId": "e4WXC5DcJL96ePMe111WDQ"
    },
    "_contentSize": {
      "__type__": "cc.Size",
      "width": 32,
      "height": 32
    }
  },
  {
    "__type__": "cc.Button",
    "node": {
      "__id__": 6
    },
    "zoomScale": 1.1,
    "_N$enableAutoGrayEffect": true,
    "_N$transition": 3,
    "transition": 3,
    "_N$pressedColor": {
      "__type__": "cc.Color",
      "r": 255,
      "g": 255,
      "b": 255
    },
    "pressedColor": {
      "__type__": "cc.Color",
      "r": 255,
      "g": 255,
      "b": 255
    },
    "_N$disabledColor": {
      "__type__": "cc.Color",
      "r": 255,
      "g": 255,
      "b": 255
    },
    "_N$normalSprite": {
      "__uuid__": "e7q6FL+VZEgLJUjVeDLic/"
    },
    "_N$pressedSprite": {
      "__uuid__": "e7q6FL+VZEgLJUjVeDLic/"
    },
    "pressedSprite": {
      "__uuid__": "e7q6FL+VZEgLJUjVeDLic/"
    },
    "_N$hoverSprite": {
      "__uuid__": "e7q6FL+VZEgLJUjVeDLic/"
    },
    "hoverSprite": {
      "__uuid__": "e7q6FL+VZEgLJUjVeDLic/"
    },
    "_N$disabledSprite": {
      "__uuid__": "29FYIk+N1GYaeWH/q1NxQO"
    },
    "_N$target": {
      "__id__": 6
    }
  },
  {
    "__type__": "cc.Node",
    "_name": "version",
    "_parent": {
      "__id__": 3
    },
    "_level": 5,
    "_components": [
      {
        "__id__": 9
      }
    ],
    "_prefab": {
      "__type__": "cc.PrefabInfo",
      "root": {
        "__id__": 1
      },
      "asset": {
        "__uuid__": "96+inJU7FE75NE8Pe2YOjq"
      },
      "fileId": "eeyVuxG6lDGaced43+uOPK"
    },
    "_contentSize": {
      "__type__": "cc.Size",
      "width": 116.31,
      "height": 27.72
    },
    "_anchorPoint": {
      "__type__": "cc.Vec2",
      "x": 1,
      "y": 0.5
    },
    "_position": {
      "__type__": "cc.Vec3",
      "x": 238.747,
      "y": -181.011
    }
  },
  {
    "__type__": "cc.Label",
    "node": {
      "__id__": 8
    },
    "_materials": [
      {
        "__uuid__": "ecpdLyjvZBwrvm+cedCcQy"
      }
    ],
    "_useOriginalSize": false,
    "_string": "v1.0.0 c101",
    "_N$string": "v1.0.0 c101",
    "_fontSize": 22,
    "_lineHeight": 22,
    "_N$file": {
      "__uuid__": "00oFA5Im5MmJKMlP0KWGno"
    },
    "_isSystemFontUsed": false,
    "_N$horizontalAlign": 1,
    "_N$verticalAlign": 1
  },
  {
    "__type__": "cc.Node",
    "_name": "sound",
    "_parent": {
      "__id__": 3
    },
    "_children": [
      {
        "__id__": 11
      },
      {
        "__id__": 16
      }
    ],
    "_level": 5,
    "_components": [
      {
        "__type__": "5c214EcPrdAlL5yW61AqZqh",
        "node": {
          "__id__": 10
        },
        "bgOnSp": {
          "__id__": 13
        },
        "bgOffSp": {
          "__id__": 15
        },
        "barSp": {
          "__id__": 17
        },
        "switchEvents": [
          {
            "__type__": "cc.ClickEvent",
            "target": {
              "__id__": 1
            },
            "_componentId": "aa366UT5FBP96nc5xY90RAT",
            "handler": "onSoundsCall"
          }
        ]
      }
    ],
    "_prefab": {
      "__type__": "cc.PrefabInfo",
      "root": {
        "__id__": 1
      },
      "asset": {
        "__uuid__": "96+inJU7FE75NE8Pe2YOjq"
      },
      "fileId": "71HCQYoHRPzI76PxKQXm8h"
    },
    "_contentSize": {
      "__type__": "cc.Size",
      "width": 120,
      "height": 60
    }
  },
  {
    "__type__": "cc.Node",
    "_name": "layout",
    "_parent": {
      "__id__": 10
    },
    "_children": [
      {
        "__id__": 12
      },
      {
        "__id__": 14
      }
    ],
    "_level": 6,
    "_components": [
      {
        "__type__": "cc.Layout",
        "node": {
          "__id__": 11
        },
        "_layoutSize": {
          "__type__": "cc.Size",
          "width": 120,
          "height": 60
        },
        "_resize": 1,
        "_N$layoutType": 1
      }
    ],
    "_prefab": {
      "__type__": "cc.PrefabInfo",
      "root": {
        "__id__": 1
      },
      "asset": {
        "__uuid__": "96+inJU7FE75NE8Pe2YOjq"
      },
      "fileId": "798HwGTvhO4r+Z7+wSlJME"
    },
    "_contentSize": {
      "__type__": "cc.Size",
      "width": 120,
      "height": 60
    }
  },
  {
    "__type__": "cc.Node",
    "_name": "on",
    "_parent": {
      "__id__": 11
    },
    "_level": 7,
    "_components": [
      {
        "__id__": 13
      }
    ],
    "_prefab": {
      "__type__": "cc.PrefabInfo",
      "root": {
        "__id__": 1
      },
      "asset": {
        "__uuid__": "96+inJU7FE75NE8Pe2YOjq"
      },
      "fileId": "50P218wX9HRJshLZtTCNez"
    },
    "_color": {
      "__type__": "cc.Color",
      "r": 54,
      "g": 204,
      "b": 16
    },
    "_contentSize": {
      "__type__": "cc.Size",
      "width": 60,
      "height": 50
    },
    "_position": {
      "__type__": "cc.Vec3",
      "x": -30
    }
  },
  {
    "__type__": "cc.Sprite",
    "node": {
      "__id__": 12
    },
    "_materials": [
      {
        "__uuid__": "ecpdLyjvZBwrvm+cedCcQy"
      }
    ],
    "_spriteFrame": {
      "__uuid__": "a2MjXRFdtLlYQ5ouAFv/+R"
    },
    "_sizeMode": 0
  },
  {
    "__type__": "cc.Node",
    "_name": "off",
    "_parent": {
      "__id__": 11
    },
    "_level": 7,
    "_components": [
      {
        "__id__": 15
      }
    ],
    "_prefab": {
      "__type__": "cc.PrefabInfo",
      "root": {
        "__id__": 1
      },
      "asset": {
        "__uuid__": "96+inJU7FE75NE8Pe2YOjq"
      },
      "fileId": "dcU0CERatAF62yQKdWysBg"
    },
    "_color": {
      "__type__": "cc.Color",
      "r": 248,
      "g": 18,
      "b": 64
    },
    "_contentSize": {
      "__type__": "cc.Size",
      "width": 60,
      "height": 50
    },
    "_position": {
      "__type__": "cc.Vec3",
      "x": 30
    }
  },
  {
    "__type__": "cc.Sprite",
    "node": {
      "__id__": 14
    },
    "_materials": [
      {
        "__uuid__": "ecpdLyjvZBwrvm+cedCcQy"
      }
    ],
    "_spriteFrame": {
      "__uuid__": "a2MjXRFdtLlYQ5ouAFv/+R"
    },
    "_sizeMode": 0
  },
  {
    "__type__": "cc.Node",
    "_name": "bar",
    "_parent": {
      "__id__": 10
    },
    "_level": 6,
    "_components": [
      {
        "__id__": 17
      }
    ],
    "_prefab": {
      "__type__": "cc.PrefabInfo",
      "root": {
        "__id__": 1
      },
      "asset": {
        "__uuid__": "96+inJU7FE75NE8Pe2YOjq"
      },
      "fileId": "67fUfEEKJD5o+1Lm3KCiNm"
    },
    "_contentSize": {
      "__type__": "cc.Size",
      "width": 60,
      "height": 50
    },
    "_position": {
      "__type__": "cc.Vec3",
      "x": 30
    }
  },
  {
    "__type__": "cc.Sprite",
    "node": {
      "__id__": 16
    },
    "_materials": [
      {
        "__uuid__": "ecpdLyjvZBwrvm+cedCcQy"
      }
    ],
    "_spriteFrame": {
      "__uuid__": "a2MjXRFdtLlYQ5ouAFv/+R"
    },
    "_sizeMode": 0
  }
]