{
  "__type__": "cc.JsonAsset",
  "_name": "turretAttrData",
  "json": [
    {
      "1": "1",
      "id": "10000",
      "unlockLevel": "0",
      "evolutionTarget": "10001",
      "attackRange": "1000",
      "autoAttackRange": "800",
      "rotationSpeed": "0.4",
      "bulletAttackRate1": "0.06",
      "bulletMoveSpeed1": "1500",
      "bulletAttackRotation": "3",
      "bulletAttackMultiple": "1",
      "bulletAttackRate2": "-1",
      "laserLength": "-1",
      "laserRate": "-1",
      "cd": "-1",
      "orbitRadius": "-1",
      "dartsNumber": "-1",
      "revolutionSpeed": "-1",
      "createCd": "-1",
      "createNumber": "-1",
      "shadowRevolutionSpeed": "-1"
    },
    {
      "1": "1",
      "id": "10001",
      "unlockLevel": "-1",
      "evolutionTarget": "10002",
      "attackRange": "1000",
      "autoAttackRange": "850",
      "rotationSpeed": "0.5",
      "bulletAttackRate1": "0.055",
      "bulletMoveSpeed1": "1500",
      "bulletAttackRotation": "2",
      "bulletAttackMultiple": "1",
      "bulletAttackRate2": "-1",
      "laserLength": "-1",
      "laserRate": "-1",
      "cd": "-1",
      "orbitRadius": "-1",
      "dartsNumber": "-1",
      "revolutionSpeed": "-1",
      "createCd": "-1",
      "createNumber": "-1",
      "shadowRevolutionSpeed": "-1"
    },
    {
      "1": "1",
      "id": "10002",
      "unlockLevel": "-1",
      "evolutionTarget": "-1",
      "attackRange": "1000",
      "autoAttackRange": "900",
      "rotationSpeed": "0.6",
      "bulletAttackRate1": "0.05",
      "bulletMoveSpeed1": "1500",
      "bulletAttackRotation": "1",
      "bulletAttackMultiple": "1",
      "bulletAttackRate2": "-1",
      "laserLength": "-1",
      "laserRate": "-1",
      "cd": "-1",
      "orbitRadius": "-1",
      "dartsNumber": "-1",
      "revolutionSpeed": "-1",
      "createCd": "-1",
      "createNumber": "-1",
      "shadowRevolutionSpeed": "-1"
    },
    {
      "1": "2",
      "id": "20000",
      "unlockLevel": "10",
      "evolutionTarget": "-1",
      "attackRange": "800",
      "autoAttackRange": "850",
      "rotationSpeed": "0.5",
      "bulletAttackRate1": "0.2",
      "bulletMoveSpeed1": "2000",
      "bulletAttackRotation": "-1",
      "bulletAttackMultiple": "1",
      "bulletAttackRate2": "-1",
      "laserLength": "-1",
      "laserRate": "-1",
      "cd": "-1",
      "orbitRadius": "-1",
      "dartsNumber": "-1",
      "revolutionSpeed": "-1",
      "createCd": "-1",
      "createNumber": "-1",
      "shadowRevolutionSpeed": "-1"
    },
    {
      "1": "2",
      "id": "20001",
      "unlockLevel": "60",
      "evolutionTarget": "-1",
      "attackRange": "800",
      "autoAttackRange": "850",
      "rotationSpeed": "0.5",
      "bulletAttackRate1": "0.2",
      "bulletMoveSpeed1": "2000",
      "bulletAttackRotation": "-1",
      "bulletAttackMultiple": "1",
      "bulletAttackRate2": "-1",
      "laserLength": "-1",
      "laserRate": "-1",
      "cd": "-1",
      "orbitRadius": "-1",
      "dartsNumber": "-1",
      "revolutionSpeed": "-1",
      "createCd": "-1",
      "createNumber": "-1",
      "shadowRevolutionSpeed": "-1"
    },
    {
      "1": "2",
      "id": "20002",
      "unlockLevel": "150",
      "evolutionTarget": "-1",
      "attackRange": "800",
      "autoAttackRange": "850",
      "rotationSpeed": "0.5",
      "bulletAttackRate1": "0.2",
      "bulletMoveSpeed1": "2000",
      "bulletAttackRotation": "-1",
      "bulletAttackMultiple": "1",
      "bulletAttackRate2": "-1",
      "laserLength": "-1",
      "laserRate": "-1",
      "cd": "-1",
      "orbitRadius": "-1",
      "dartsNumber": "-1",
      "revolutionSpeed": "-1",
      "createCd": "-1",
      "createNumber": "-1",
      "shadowRevolutionSpeed": "-1"
    },
    {
      "1": "2",
      "id": "20003",
      "unlockLevel": "250",
      "evolutionTarget": "-1",
      "attackRange": "800",
      "autoAttackRange": "850",
      "rotationSpeed": "0.5",
      "bulletAttackRate1": "0.2",
      "bulletMoveSpeed1": "2000",
      "bulletAttackRotation": "-1",
      "bulletAttackMultiple": "1",
      "bulletAttackRate2": "-1",
      "laserLength": "-1",
      "laserRate": "-1",
      "cd": "-1",
      "orbitRadius": "-1",
      "dartsNumber": "-1",
      "revolutionSpeed": "-1",
      "createCd": "-1",
      "createNumber": "-1",
      "shadowRevolutionSpeed": "-1"
    },
    {
      "1": "-1",
      "id": "30000",
      "unlockLevel": "1",
      "evolutionTarget": "30001",
      "attackRange": "-1",
      "autoAttackRange": "800",
      "rotationSpeed": "0.5",
      "bulletAttackRate1": "-1",
      "bulletMoveSpeed1": "-1",
      "bulletAttackRotation": "-1",
      "bulletAttackMultiple": "1",
      "bulletAttackRate2": "-1",
      "laserLength": "1500",
      "laserRate": "-1",
      "cd": "1",
      "orbitRadius": "-1",
      "dartsNumber": "-1",
      "revolutionSpeed": "-1",
      "createCd": "-1",
      "createNumber": "-1",
      "shadowRevolutionSpeed": "-1"
    },
    {
      "1": "-1",
      "id": "30001",
      "unlockLevel": "-1",
      "evolutionTarget": "30002",
      "attackRange": "-1",
      "autoAttackRange": "900",
      "rotationSpeed": "0.5",
      "bulletAttackRate1": "-1",
      "bulletMoveSpeed1": "-1",
      "bulletAttackRotation": "-1",
      "bulletAttackMultiple": "1",
      "bulletAttackRate2": "-1",
      "laserLength": "1600",
      "laserRate": "0.2",
      "cd": "2",
      "orbitRadius": "-1",
      "dartsNumber": "-1",
      "revolutionSpeed": "-1",
      "createCd": "-1",
      "createNumber": "-1",
      "shadowRevolutionSpeed": "-1"
    },
    {
      "1": "-1",
      "id": "30002",
      "unlockLevel": "-1",
      "evolutionTarget": "-1",
      "attackRange": "-1",
      "autoAttackRange": "1000",
      "rotationSpeed": "0.5",
      "bulletAttackRate1": "-1",
      "bulletMoveSpeed1": "-1",
      "bulletAttackRotation": "-1",
      "bulletAttackMultiple": "1",
      "bulletAttackRate2": "-1",
      "laserLength": "1700",
      "laserRate": "0.1",
      "cd": "3",
      "orbitRadius": "-1",
      "dartsNumber": "-1",
      "revolutionSpeed": "-1",
      "createCd": "-1",
      "createNumber": "-1",
      "shadowRevolutionSpeed": "-1"
    },
    {
      "1": "1",
      "id": "40000",
      "unlockLevel": "25",
      "evolutionTarget": "40001",
      "attackRange": "800",
      "autoAttackRange": "800",
      "rotationSpeed": "0.4",
      "bulletAttackRate1": "-1",
      "bulletMoveSpeed1": "300",
      "bulletAttackRotation": "-1",
      "bulletAttackMultiple": "1",
      "bulletAttackRate2": "0.3",
      "laserLength": "-1",
      "laserRate": "-1",
      "cd": "3",
      "orbitRadius": "-1",
      "dartsNumber": "-1",
      "revolutionSpeed": "-1",
      "createCd": "-1",
      "createNumber": "-1",
      "shadowRevolutionSpeed": "-1"
    },
    {
      "1": "1",
      "id": "40001",
      "unlockLevel": "-1",
      "evolutionTarget": "40002",
      "attackRange": "500",
      "autoAttackRange": "850",
      "rotationSpeed": "0.4",
      "bulletAttackRate1": "0.1",
      "bulletMoveSpeed1": "200",
      "bulletAttackRotation": "-1",
      "bulletAttackMultiple": "1",
      "bulletAttackRate2": "-1",
      "laserLength": "-1",
      "laserRate": "-1",
      "cd": "4",
      "orbitRadius": "-1",
      "dartsNumber": "-1",
      "revolutionSpeed": "-1",
      "createCd": "-1",
      "createNumber": "-1",
      "shadowRevolutionSpeed": "-1"
    },
    {
      "1": "1",
      "id": "40002",
      "unlockLevel": "-1",
      "evolutionTarget": "-1",
      "attackRange": "800",
      "autoAttackRange": "900",
      "rotationSpeed": "0.4",
      "bulletAttackRate1": "-1",
      "bulletMoveSpeed1": "250",
      "bulletAttackRotation": "-1",
      "bulletAttackMultiple": "2",
      "bulletAttackRate2": "0.5",
      "laserLength": "-1",
      "laserRate": "-1",
      "cd": "5",
      "orbitRadius": "-1",
      "dartsNumber": "-1",
      "revolutionSpeed": "-1",
      "createCd": "-1",
      "createNumber": "-1",
      "shadowRevolutionSpeed": "-1"
    },
    {
      "1": "3",
      "id": "50000",
      "unlockLevel": "100",
      "evolutionTarget": "50001",
      "attackRange": "-1",
      "autoAttackRange": "-1",
      "rotationSpeed": "-1",
      "bulletAttackRate1": "-1",
      "bulletMoveSpeed1": "-1",
      "bulletAttackRotation": "-1",
      "bulletAttackMultiple": "-1",
      "bulletAttackRate2": "-1",
      "laserLength": "-1",
      "laserRate": "-1",
      "cd": "-1",
      "orbitRadius": "400",
      "dartsNumber": "3",
      "revolutionSpeed": "30",
      "createCd": "4",
      "createNumber": "1",
      "shadowRevolutionSpeed": "20"
    },
    {
      "1": "3",
      "id": "50001",
      "unlockLevel": "-1",
      "evolutionTarget": "50002",
      "attackRange": "-1",
      "autoAttackRange": "-1",
      "rotationSpeed": "-1",
      "bulletAttackRate1": "-1",
      "bulletMoveSpeed1": "-1",
      "bulletAttackRotation": "-1",
      "bulletAttackMultiple": "-1",
      "bulletAttackRate2": "-1",
      "laserLength": "-1",
      "laserRate": "-1",
      "cd": "-1",
      "orbitRadius": "450",
      "dartsNumber": "6",
      "revolutionSpeed": "30",
      "createCd": "3",
      "createNumber": "1",
      "shadowRevolutionSpeed": "20"
    },
    {
      "1": "3",
      "id": "50002",
      "unlockLevel": "-1",
      "evolutionTarget": "-1",
      "attackRange": "-1",
      "autoAttackRange": "-1",
      "rotationSpeed": "-1",
      "bulletAttackRate1": "-1",
      "bulletMoveSpeed1": "-1",
      "bulletAttackRotation": "-1",
      "bulletAttackMultiple": "-1",
      "bulletAttackRate2": "-1",
      "laserLength": "-1",
      "laserRate": "-1",
      "cd": "-1",
      "orbitRadius": "500",
      "dartsNumber": "9",
      "revolutionSpeed": "30",
      "createCd": "2",
      "createNumber": "1",
      "shadowRevolutionSpeed": "20"
    },
    {
      "1": "1",
      "id": "60000",
      "unlockLevel": "200",
      "evolutionTarget": "60001",
      "attackRange": "800",
      "autoAttackRange": "900",
      "rotationSpeed": "0.4",
      "bulletAttackRate1": "-1",
      "bulletMoveSpeed1": "1600",
      "bulletAttackRotation": "-1",
      "bulletAttackMultiple": "1",
      "bulletAttackRate2": "-1",
      "laserLength": "-1",
      "laserRate": "-1",
      "cd": "2",
      "orbitRadius": "-1",
      "dartsNumber": "-1",
      "revolutionSpeed": "-1",
      "createCd": "-1",
      "createNumber": "-1",
      "shadowRevolutionSpeed": "-1"
    },
    {
      "1": "1",
      "id": "60001",
      "unlockLevel": "-1",
      "evolutionTarget": "60002",
      "attackRange": "900",
      "autoAttackRange": "900",
      "rotationSpeed": "0.3",
      "bulletAttackRate1": "-1",
      "bulletMoveSpeed1": "1800",
      "bulletAttackRotation": "-1",
      "bulletAttackMultiple": "2",
      "bulletAttackRate2": "-1",
      "laserLength": "-1",
      "laserRate": "-1",
      "cd": "3",
      "orbitRadius": "-1",
      "dartsNumber": "-1",
      "revolutionSpeed": "-1",
      "createCd": "-1",
      "createNumber": "-1",
      "shadowRevolutionSpeed": "-1"
    },
    {
      "1": "4",
      "id": "60002",
      "unlockLevel": "-1",
      "evolutionTarget": "-1",
      "attackRange": "1000",
      "autoAttackRange": "900",
      "rotationSpeed": "-1",
      "bulletAttackRate1": "-1",
      "bulletMoveSpeed1": "2000",
      "bulletAttackRotation": "-1",
      "bulletAttackMultiple": "5",
      "bulletAttackRate2": "-1",
      "laserLength": "-1",
      "laserRate": "-1",
      "cd": "10",
      "orbitRadius": "-1",
      "dartsNumber": "-1",
      "revolutionSpeed": "-1",
      "createCd": "-1",
      "createNumber": "-1",
      "shadowRevolutionSpeed": "-1"
    }
  ]
}