[
  {
    "__type__": "cc.SceneAsset",
    "_name": "UpdateScene",
    "scene": {
      "__id__": 1
    },
    "asyncLoadAssets": null
  },
  {
    "__type__": "cc.Scene",
    "_name": "New Node",
    "_children": [
      {
        "__id__": 2
      }
    ],
    "_anchorPoint": {
      "__type__": "cc.Vec2"
    },
    "autoReleaseAssets": false
  },
  {
    "__type__": "cc.Node",
    "_name": "Canvas",
    "_parent": {
      "__id__": 1
    },
    "_children": [
      {
        "__id__": 3
      },
      {
        "__id__": 4
      }
    ],
    "_components": [
      {
        "__type__": "cc.Canvas",
        "node": {
          "__id__": 2
        },
        "_designResolution": {
          "__type__": "cc.Size",
          "width": 750,
          "height": 1334
        },
        "_fitWidth": true,
        "_fitHeight": false
      },
      {
        "__type__": "d989cs4cdZFtq7PriQKE9uC",
        "node": {
          "__id__": 2
        },
        "panel": {
          "__id__": 23
        },
        "manifestUrl": {
          "__uuid__": "9fKSnC0JpGSJ9noRjv1gtL"
        },
        "versionUrl": {
          "__uuid__": "b3iRhLSF5G+4rf3xpshmZ2"
        },
        "updateUI": {
          "__id__": 9
        }
      }
    ],
    "_contentSize": {
      "__type__": "cc.Size",
      "width": 750,
      "height": 1334
    },
    "_position": {
      "__type__": "cc.Vec3",
      "x": 375,
      "y": 667
    },
    "_id": "d6QWt9gtVE1rkR7OwDswl/"
  },
  {
    "__type__": "cc.Node",
    "_name": "Main Camera",
    "_parent": {
      "__id__": 2
    },
    "_level": 1,
    "_components": [
      {
        "__type__": "cc.Camera",
        "node": {
          "__id__": 3
        },
        "_clearFlags": 7,
        "_depth": -1
      }
    ],
    "_position": {
      "__type__": "cc.Vec3",
      "z": 503.14747938445356
    }
  },
  {
    "__type__": "cc.Node",
    "_name": "root",
    "_parent": {
      "__id__": 2
    },
    "_children": [
      {
        "__id__": 5
      }
    ],
    "_level": 1,
    "_components": [
      {
        "__type__": "cc.Widget",
        "node": {
          "__id__": 4
        },
        "_alignFlags": 45
      }
    ],
    "_contentSize": {
      "__type__": "cc.Size",
      "width": 750,
      "height": 1334
    }
  },
  {
    "__type__": "cc.Node",
    "_name": "UpdatePanel",
    "_parent": {
      "__id__": 4
    },
    "_children": [
      {
        "__id__": 6
      }
    ],
    "_level": 2,
    "_components": [
      {
        "__type__": "cc.Widget",
        "node": {
          "__id__": 5
        },
        "_alignFlags": 45
      },
      {
        "__type__": "0214dGdWP5Aqaga6UmWOdvS",
        "node": {
          "__id__": 5
        },
        "maskOpacity": 128,
        "touchClose": false
      },
      {
        "__id__": 23
      }
    ],
    "_prefab": {
      "__type__": "cc.PrefabInfo",
      "root": {
        "__id__": 5
      },
      "asset": {
        "__uuid__": "4f5idkVXlAbJ01X2EtfA2p"
      },
      "fileId": "f2rNYjK95GALR8WrAFvBkn"
    },
    "_contentSize": {
      "__type__": "cc.Size",
      "width": 750,
      "height": 1334
    }
  },
  {
    "__type__": "cc.Node",
    "_name": "root",
    "_parent": {
      "__id__": 5
    },
    "_children": [
      {
        "__id__": 7
      },
      {
        "__id__": 9
      }
    ],
    "_level": 2,
    "_components": [
      {
        "__type__": "cc.Widget",
        "node": {
          "__id__": 6
        },
        "_alignFlags": 45
      }
    ],
    "_prefab": {
      "__type__": "cc.PrefabInfo",
      "root": {
        "__id__": 5
      },
      "asset": {
        "__uuid__": "4f5idkVXlAbJ01X2EtfA2p"
      },
      "fileId": "fbCKpZJBVGVYHCli5KRNZT"
    },
    "_contentSize": {
      "__type__": "cc.Size",
      "width": 750,
      "height": 1334
    }
  },
  {
    "__type__": "cc.Node",
    "_name": "info",
    "_parent": {
      "__id__": 6
    },
    "_level": 3,
    "_components": [
      {
        "__id__": 8
      }
    ],
    "_prefab": {
      "__type__": "cc.PrefabInfo",
      "root": {
        "__id__": 5
      },
      "asset": {
        "__uuid__": "4f5idkVXlAbJ01X2EtfA2p"
      },
      "fileId": "b1+oegJ/dMtJkd/R+N0HFv"
    },
    "_contentSize": {
      "__type__": "cc.Size",
      "height": 50.4
    },
    "_position": {
      "__type__": "cc.Vec3",
      "y": 108.499
    }
  },
  {
    "__type__": "cc.Label",
    "node": {
      "__id__": 7
    },
    "_materials": [
      {
        "__uuid__": "ecpdLyjvZBwrvm+cedCcQy"
      }
    ],
    "_useOriginalSize": false,
    "_N$horizontalAlign": 1,
    "_N$verticalAlign": 1
  },
  {
    "__type__": "cc.Node",
    "_name": "bg",
    "_parent": {
      "__id__": 6
    },
    "_children": [
      {
        "__id__": 10
      },
      {
        "__id__": 11
      },
      {
        "__id__": 15
      },
      {
        "__id__": 17
      },
      {
        "__id__": 21
      }
    ],
    "_active": false,
    "_level": 3,
    "_components": [
      {
        "__type__": "cc.Sprite",
        "node": {
          "__id__": 9
        },
        "_materials": [
          {
            "__uuid__": "ecpdLyjvZBwrvm+cedCcQy"
          }
        ],
        "_spriteFrame": {
          "__uuid__": "a2MjXRFdtLlYQ5ouAFv/+R"
        },
        "_sizeMode": 0
      },
      {
        "__type__": "cc.BlockInputEvents",
        "node": {
          "__id__": 9
        }
      }
    ],
    "_prefab": {
      "__type__": "cc.PrefabInfo",
      "root": {
        "__id__": 5
      },
      "asset": {
        "__uuid__": "4f5idkVXlAbJ01X2EtfA2p"
      },
      "fileId": "53p3yIQmdJsq8F/f3mCyzl"
    },
    "_color": {
      "__type__": "cc.Color",
      "r": 52,
      "g": 153,
      "b": 162
    },
    "_contentSize": {
      "__type__": "cc.Size",
      "width": 400,
      "height": 600
    }
  },
  {
    "__type__": "cc.Node",
    "_name": "info copy",
    "_parent": {
      "__id__": 9
    },
    "_level": 4,
    "_components": [
      {
        "__type__": "cc.Label",
        "node": {
          "__id__": 10
        },
        "_materials": [
          {
            "__uuid__": "ecpdLyjvZBwrvm+cedCcQy"
          }
        ],
        "_useOriginalSize": false,
        "_string": "发现新版本，请更新.",
        "_N$string": "发现新版本，请更新.",
        "_fontSize": 30,
        "_lineHeight": 30,
        "_N$horizontalAlign": 1,
        "_N$verticalAlign": 1
      }
    ],
    "_prefab": {
      "__type__": "cc.PrefabInfo",
      "root": {
        "__id__": 5
      },
      "asset": {
        "__uuid__": "4f5idkVXlAbJ01X2EtfA2p"
      },
      "fileId": "ccQTgLRw1M1JBpXDzTY+zr"
    },
    "_contentSize": {
      "__type__": "cc.Size",
      "width": 278.33,
      "height": 37.8
    },
    "_position": {
      "__type__": "cc.Vec3",
      "y": 219.463
    }
  },
  {
    "__type__": "cc.Node",
    "_name": "fileProgressBar",
    "_parent": {
      "__id__": 9
    },
    "_children": [
      {
        "__id__": 12
      }
    ],
    "_level": 4,
    "_components": [
      {
        "__type__": "cc.Sprite",
        "node": {
          "__id__": 11
        },
        "_materials": [
          {
            "__uuid__": "ecpdLyjvZBwrvm+cedCcQy"
          }
        ],
        "_spriteFrame": {
          "__uuid__": "8855/VlrRKd6H0MSRnFxAU"
        },
        "_type": 1,
        "_sizeMode": 0
      },
      {
        "__id__": 14
      }
    ],
    "_prefab": {
      "__type__": "cc.PrefabInfo",
      "root": {
        "__id__": 5
      },
      "asset": {
        "__uuid__": "4f5idkVXlAbJ01X2EtfA2p"
      },
      "fileId": "dabf4VAf5PebhMKfiu5SjP"
    },
    "_contentSize": {
      "__type__": "cc.Size",
      "width": 150,
      "height": 15
    },
    "_position": {
      "__type__": "cc.Vec3",
      "y": 36.169
    }
  },
  {
    "__type__": "cc.Node",
    "_name": "bar",
    "_parent": {
      "__id__": 11
    },
    "_components": [
      {
        "__id__": 13
      },
      {
        "__type__": "cc.Widget",
        "node": {
          "__id__": 12
        },
        "_alignFlags": 8
      }
    ],
    "_prefab": {
      "__type__": "cc.PrefabInfo",
      "root": {
        "__id__": 5
      },
      "asset": {
        "__uuid__": "4f5idkVXlAbJ01X2EtfA2p"
      },
      "fileId": "21d1we/69AgaWSCun/duII"
    },
    "_contentSize": {
      "__type__": "cc.Size",
      "width": 90,
      "height": 15
    },
    "_anchorPoint": {
      "__type__": "cc.Vec2",
      "y": 0.5
    },
    "_position": {
      "__type__": "cc.Vec3",
      "x": -75
    }
  },
  {
    "__type__": "cc.Sprite",
    "node": {
      "__id__": 12
    },
    "_materials": [
      {
        "__uuid__": "ecpdLyjvZBwrvm+cedCcQy"
      }
    ],
    "_spriteFrame": {
      "__uuid__": "675ovJ2tVK2aLYfgPUWOMv"
    },
    "_type": 1,
    "_sizeMode": 0
  },
  {
    "__type__": "7781cgsMwdAWZJB8Vw/YTXI",
    "node": {
      "__id__": 11
    },
    "_N$totalLength": 150,
    "_N$barSprite": {
      "__id__": 13
    },
    "_N$progress": 0.6
  },
  {
    "__type__": "cc.Node",
    "_name": "fileLabel",
    "_parent": {
      "__id__": 9
    },
    "_level": 4,
    "_components": [
      {
        "__id__": 16
      }
    ],
    "_prefab": {
      "__type__": "cc.PrefabInfo",
      "root": {
        "__id__": 5
      },
      "asset": {
        "__uuid__": "4f5idkVXlAbJ01X2EtfA2p"
      },
      "fileId": "71roTo5v5GsqayGcDd8uV2"
    },
    "_contentSize": {
      "__type__": "cc.Size",
      "width": 25.02,
      "height": 22.68
    },
    "_position": {
      "__type__": "cc.Vec3",
      "y": 54.639
    }
  },
  {
    "__type__": "cc.Label",
    "node": {
      "__id__": 15
    },
    "_materials": [
      {
        "__uuid__": "ecpdLyjvZBwrvm+cedCcQy"
      }
    ],
    "_useOriginalSize": false,
    "_string": "0/0",
    "_N$string": "0/0",
    "_fontSize": 18,
    "_lineHeight": 18,
    "_N$horizontalAlign": 1,
    "_N$verticalAlign": 1
  },
  {
    "__type__": "cc.Node",
    "_name": "byteProgressBar",
    "_parent": {
      "__id__": 9
    },
    "_children": [
      {
        "__id__": 18
      }
    ],
    "_level": 4,
    "_components": [
      {
        "__type__": "cc.Sprite",
        "node": {
          "__id__": 17
        },
        "_materials": [
          {
            "__uuid__": "ecpdLyjvZBwrvm+cedCcQy"
          }
        ],
        "_spriteFrame": {
          "__uuid__": "8855/VlrRKd6H0MSRnFxAU"
        },
        "_type": 1,
        "_sizeMode": 0
      },
      {
        "__id__": 20
      }
    ],
    "_prefab": {
      "__type__": "cc.PrefabInfo",
      "root": {
        "__id__": 5
      },
      "asset": {
        "__uuid__": "4f5idkVXlAbJ01X2EtfA2p"
      },
      "fileId": "1a5KdOHNhJw4ax1degpbtn"
    },
    "_contentSize": {
      "__type__": "cc.Size",
      "width": 150,
      "height": 15
    },
    "_position": {
      "__type__": "cc.Vec3",
      "y": 124.494
    }
  },
  {
    "__type__": "cc.Node",
    "_name": "bar",
    "_parent": {
      "__id__": 17
    },
    "_components": [
      {
        "__id__": 19
      },
      {
        "__type__": "cc.Widget",
        "node": {
          "__id__": 18
        },
        "_alignFlags": 8
      }
    ],
    "_prefab": {
      "__type__": "cc.PrefabInfo",
      "root": {
        "__id__": 5
      },
      "asset": {
        "__uuid__": "4f5idkVXlAbJ01X2EtfA2p"
      },
      "fileId": "d0sF5+hhVOZZmYxlVz1sNf"
    },
    "_contentSize": {
      "__type__": "cc.Size",
      "width": 90,
      "height": 15
    },
    "_anchorPoint": {
      "__type__": "cc.Vec2",
      "y": 0.5
    },
    "_position": {
      "__type__": "cc.Vec3",
      "x": -75
    }
  },
  {
    "__type__": "cc.Sprite",
    "node": {
      "__id__": 18
    },
    "_materials": [
      {
        "__uuid__": "ecpdLyjvZBwrvm+cedCcQy"
      }
    ],
    "_spriteFrame": {
      "__uuid__": "675ovJ2tVK2aLYfgPUWOMv"
    },
    "_type": 1,
    "_sizeMode": 0
  },
  {
    "__type__": "7781cgsMwdAWZJB8Vw/YTXI",
    "node": {
      "__id__": 17
    },
    "_N$totalLength": 150,
    "_N$barSprite": {
      "__id__": 19
    },
    "_N$progress": 0.6
  },
  {
    "__type__": "cc.Node",
    "_name": "byteLabel",
    "_parent": {
      "__id__": 9
    },
    "_level": 4,
    "_components": [
      {
        "__id__": 22
      }
    ],
    "_prefab": {
      "__type__": "cc.PrefabInfo",
      "root": {
        "__id__": 5
      },
      "asset": {
        "__uuid__": "4f5idkVXlAbJ01X2EtfA2p"
      },
      "fileId": "76Ijjd2qZGdpHCDdwQSf33"
    },
    "_contentSize": {
      "__type__": "cc.Size",
      "width": 25.02,
      "height": 22.68
    },
    "_position": {
      "__type__": "cc.Vec3",
      "y": 142.964
    }
  },
  {
    "__type__": "cc.Label",
    "node": {
      "__id__": 21
    },
    "_materials": [
      {
        "__uuid__": "ecpdLyjvZBwrvm+cedCcQy"
      }
    ],
    "_useOriginalSize": false,
    "_string": "0/0",
    "_N$string": "0/0",
    "_fontSize": 18,
    "_lineHeight": 18,
    "_N$horizontalAlign": 1,
    "_N$verticalAlign": 1
  },
  {
    "__type__": "a0b25x2RTFJZob6meKh/2YN",
    "node": {
      "__id__": 5
    },
    "progressBar": {
      "__id__": 14
    },
    "fileProgress": {
      "__id__": 14
    },
    "byteProgress": {
      "__id__": 20
    },
    "fileLabel": {
      "__id__": 16
    },
    "byteLabel": {
      "__id__": 22
    },
    "info": {
      "__id__": 8
    }
  }
]