{
  "__type__": "cc.LabelAtlas",
  "_name": "uni_font",
  "spriteFrame": {
    "__uuid__": "52h0t8YIhK95C9Q5yWxB7B"
  },
  "fontSize": 50.160000000000004,
  "_fntConfig": {
    "commonHeight": 57,
    "fontSize": 50,
    "atlasName": "font3",
    "fontDefDictionary": {
      "43": {
        "rect": {
          "x": 0,
          "y": 0,
          "width": 44,
          "height": 57
        },
        "xOffset": 0,
        "yOffset": 0,
        "xAdvance": 44
      },
      "44": {
        "rect": {
          "x": 44,
          "y": 0,
          "width": 44,
          "height": 57
        },
        "xOffset": 0,
        "yOffset": 0,
        "xAdvance": 44
      },
      "45": {
        "rect": {
          "x": 88,
          "y": 0,
          "width": 44,
          "height": 57
        },
        "xOffset": 0,
        "yOffset": 0,
        "xAdvance": 44
      },
      "46": {
        "rect": {
          "x": 132,
          "y": 0,
          "width": 44,
          "height": 57
        },
        "xOffset": 0,
        "yOffset": 0,
        "xAdvance": 44
      },
      "47": {
        "rect": {
          "x": 176,
          "y": 0,
          "width": 44,
          "height": 57
        },
        "xOffset": 0,
        "yOffset": 0,
        "xAdvance": 44
      },
      "48": {
        "rect": {
          "x": 220,
          "y": 0,
          "width": 44,
          "height": 57
        },
        "xOffset": 0,
        "yOffset": 0,
        "xAdvance": 44
      },
      "49": {
        "rect": {
          "x": 264,
          "y": 0,
          "width": 44,
          "height": 57
        },
        "xOffset": 0,
        "yOffset": 0,
        "xAdvance": 44
      },
      "50": {
        "rect": {
          "x": 308,
          "y": 0,
          "width": 44,
          "height": 57
        },
        "xOffset": 0,
        "yOffset": 0,
        "xAdvance": 44
      },
      "51": {
        "rect": {
          "x": 352,
          "y": 0,
          "width": 44,
          "height": 57
        },
        "xOffset": 0,
        "yOffset": 0,
        "xAdvance": 44
      },
      "52": {
        "rect": {
          "x": 396,
          "y": 0,
          "width": 44,
          "height": 57
        },
        "xOffset": 0,
        "yOffset": 0,
        "xAdvance": 44
      },
      "53": {
        "rect": {
          "x": 440,
          "y": 0,
          "width": 44,
          "height": 57
        },
        "xOffset": 0,
        "yOffset": 0,
        "xAdvance": 44
      },
      "54": {
        "rect": {
          "x": 484,
          "y": 0,
          "width": 44,
          "height": 57
        },
        "xOffset": 0,
        "yOffset": 0,
        "xAdvance": 44
      },
      "55": {
        "rect": {
          "x": 528,
          "y": 0,
          "width": 44,
          "height": 57
        },
        "xOffset": 0,
        "yOffset": 0,
        "xAdvance": 44
      },
      "56": {
        "rect": {
          "x": 572,
          "y": 0,
          "width": 44,
          "height": 57
        },
        "xOffset": 0,
        "yOffset": 0,
        "xAdvance": 44
      },
      "57": {
        "rect": {
          "x": 616,
          "y": 0,
          "width": 44,
          "height": 57
        },
        "xOffset": 0,
        "yOffset": 0,
        "xAdvance": 44
      },
      "58": {
        "rect": {
          "x": 660,
          "y": 0,
          "width": 44,
          "height": 57
        },
        "xOffset": 0,
        "yOffset": 0,
        "xAdvance": 44
      },
      "59": {
        "rect": {
          "x": 704,
          "y": 0,
          "width": 44,
          "height": 57
        },
        "xOffset": 0,
        "yOffset": 0,
        "xAdvance": 44
      },
      "60": {
        "rect": {
          "x": 748,
          "y": 0,
          "width": 44,
          "height": 57
        },
        "xOffset": 0,
        "yOffset": 0,
        "xAdvance": 44
      },
      "61": {
        "rect": {
          "x": 792,
          "y": 0,
          "width": 44,
          "height": 57
        },
        "xOffset": 0,
        "yOffset": 0,
        "xAdvance": 44
      },
      "62": {
        "rect": {
          "x": 836,
          "y": 0,
          "width": 44,
          "height": 57
        },
        "xOffset": 0,
        "yOffset": 0,
        "xAdvance": 44
      },
      "63": {
        "rect": {
          "x": 880,
          "y": 0,
          "width": 44,
          "height": 57
        },
        "xOffset": 0,
        "yOffset": 0,
        "xAdvance": 44
      }
    },
    "kerningDict": {}
  }
}