{
  "__type__": "cc.LabelAtlas",
  "_name": "uni_font2",
  "spriteFrame": {
    "__uuid__": "9eA3fj92JJfrc3/MYbjuns"
  },
  "fontSize": 66,
  "_fntConfig": {
    "commonHeight": 75,
    "fontSize": 66,
    "atlasName": "uni_font2",
    "fontDefDictionary": {
      "97": {
        "rect": {
          "x": 0,
          "y": 0,
          "width": 63,
          "height": 75
        },
        "xOffset": 0,
        "yOffset": 0,
        "xAdvance": 63
      },
      "98": {
        "rect": {
          "x": 63,
          "y": 0,
          "width": 63,
          "height": 75
        },
        "xOffset": 0,
        "yOffset": 0,
        "xAdvance": 63
      },
      "99": {
        "rect": {
          "x": 126,
          "y": 0,
          "width": 63,
          "height": 75
        },
        "xOffset": 0,
        "yOffset": 0,
        "xAdvance": 63
      },
      "100": {
        "rect": {
          "x": 189,
          "y": 0,
          "width": 63,
          "height": 75
        },
        "xOffset": 0,
        "yOffset": 0,
        "xAdvance": 63
      },
      "101": {
        "rect": {
          "x": 252,
          "y": 0,
          "width": 63,
          "height": 75
        },
        "xOffset": 0,
        "yOffset": 0,
        "xAdvance": 63
      },
      "102": {
        "rect": {
          "x": 315,
          "y": 0,
          "width": 63,
          "height": 75
        },
        "xOffset": 0,
        "yOffset": 0,
        "xAdvance": 63
      },
      "103": {
        "rect": {
          "x": 378,
          "y": 0,
          "width": 63,
          "height": 75
        },
        "xOffset": 0,
        "yOffset": 0,
        "xAdvance": 63
      },
      "104": {
        "rect": {
          "x": 441,
          "y": 0,
          "width": 63,
          "height": 75
        },
        "xOffset": 0,
        "yOffset": 0,
        "xAdvance": 63
      },
      "105": {
        "rect": {
          "x": 504,
          "y": 0,
          "width": 63,
          "height": 75
        },
        "xOffset": 0,
        "yOffset": 0,
        "xAdvance": 63
      },
      "106": {
        "rect": {
          "x": 567,
          "y": 0,
          "width": 63,
          "height": 75
        },
        "xOffset": 0,
        "yOffset": 0,
        "xAdvance": 63
      },
      "107": {
        "rect": {
          "x": 630,
          "y": 0,
          "width": 63,
          "height": 75
        },
        "xOffset": 0,
        "yOffset": 0,
        "xAdvance": 63
      },
      "108": {
        "rect": {
          "x": 693,
          "y": 0,
          "width": 63,
          "height": 75
        },
        "xOffset": 0,
        "yOffset": 0,
        "xAdvance": 63
      },
      "109": {
        "rect": {
          "x": 756,
          "y": 0,
          "width": 63,
          "height": 75
        },
        "xOffset": 0,
        "yOffset": 0,
        "xAdvance": 63
      },
      "110": {
        "rect": {
          "x": 819,
          "y": 0,
          "width": 63,
          "height": 75
        },
        "xOffset": 0,
        "yOffset": 0,
        "xAdvance": 63
      },
      "111": {
        "rect": {
          "x": 882,
          "y": 0,
          "width": 63,
          "height": 75
        },
        "xOffset": 0,
        "yOffset": 0,
        "xAdvance": 63
      },
      "112": {
        "rect": {
          "x": 945,
          "y": 0,
          "width": 63,
          "height": 75
        },
        "xOffset": 0,
        "yOffset": 0,
        "xAdvance": 63
      },
      "113": {
        "rect": {
          "x": 0,
          "y": 75,
          "width": 63,
          "height": 75
        },
        "xOffset": 0,
        "yOffset": 0,
        "xAdvance": 63
      },
      "114": {
        "rect": {
          "x": 63,
          "y": 75,
          "width": 63,
          "height": 75
        },
        "xOffset": 0,
        "yOffset": 0,
        "xAdvance": 63
      },
      "115": {
        "rect": {
          "x": 126,
          "y": 75,
          "width": 63,
          "height": 75
        },
        "xOffset": 0,
        "yOffset": 0,
        "xAdvance": 63
      },
      "116": {
        "rect": {
          "x": 189,
          "y": 75,
          "width": 63,
          "height": 75
        },
        "xOffset": 0,
        "yOffset": 0,
        "xAdvance": 63
      },
      "117": {
        "rect": {
          "x": 252,
          "y": 75,
          "width": 63,
          "height": 75
        },
        "xOffset": 0,
        "yOffset": 0,
        "xAdvance": 63
      },
      "118": {
        "rect": {
          "x": 315,
          "y": 75,
          "width": 63,
          "height": 75
        },
        "xOffset": 0,
        "yOffset": 0,
        "xAdvance": 63
      },
      "119": {
        "rect": {
          "x": 378,
          "y": 75,
          "width": 63,
          "height": 75
        },
        "xOffset": 0,
        "yOffset": 0,
        "xAdvance": 63
      },
      "120": {
        "rect": {
          "x": 441,
          "y": 75,
          "width": 63,
          "height": 75
        },
        "xOffset": 0,
        "yOffset": 0,
        "xAdvance": 63
      },
      "121": {
        "rect": {
          "x": 504,
          "y": 75,
          "width": 63,
          "height": 75
        },
        "xOffset": 0,
        "yOffset": 0,
        "xAdvance": 63
      },
      "122": {
        "rect": {
          "x": 567,
          "y": 75,
          "width": 63,
          "height": 75
        },
        "xOffset": 0,
        "yOffset": 0,
        "xAdvance": 63
      },
      "123": {
        "rect": {
          "x": 630,
          "y": 75,
          "width": 63,
          "height": 75
        },
        "xOffset": 0,
        "yOffset": 0,
        "xAdvance": 63
      },
      "124": {
        "rect": {
          "x": 693,
          "y": 75,
          "width": 63,
          "height": 75
        },
        "xOffset": 0,
        "yOffset": 0,
        "xAdvance": 63
      },
      "125": {
        "rect": {
          "x": 756,
          "y": 75,
          "width": 63,
          "height": 75
        },
        "xOffset": 0,
        "yOffset": 0,
        "xAdvance": 63
      },
      "126": {
        "rect": {
          "x": 819,
          "y": 75,
          "width": 63,
          "height": 75
        },
        "xOffset": 0,
        "yOffset": 0,
        "xAdvance": 63
      },
      "127": {
        "rect": {
          "x": 882,
          "y": 75,
          "width": 63,
          "height": 75
        },
        "xOffset": 0,
        "yOffset": 0,
        "xAdvance": 63
      },
      "128": {
        "rect": {
          "x": 945,
          "y": 75,
          "width": 63,
          "height": 75
        },
        "xOffset": 0,
        "yOffset": 0,
        "xAdvance": 63
      }
    },
    "kerningDict": {}
  }
}