[
  {
    "__type__": "cc.Prefab",
    "_name": "Tip",
    "data": {
      "__id__": 1
    }
  },
  {
    "__type__": "cc.Node",
    "_name": "Tip",
    "_children": [
      {
        "__id__": 2
      }
    ],
    "_level": 1,
    "_components": [
      {
        "__type__": "6fc55rUrPFDxLyLc2cpq/Zh",
        "node": {
          "__id__": 1
        },
        "tipLabel": {
          "__id__": 4
        },
        "tipBg": {
          "__id__": 2
        }
      }
    ],
    "_prefab": {
      "__type__": "cc.PrefabInfo",
      "root": {
        "__id__": 1
      },
      "asset": {
        "__uuid__": "b9WPaF6M9BwoAeKdaA5MDN"
      },
      "fileId": "91QhBKj7dMVbrzlttd3tVb"
    }
  },
  {
    "__type__": "cc.Node",
    "_name": "root",
    "_parent": {
      "__id__": 1
    },
    "_children": [
      {
        "__id__": 3
      }
    ],
    "_level": 2,
    "_components": [
      {
        "__type__": "cc.Sprite",
        "node": {
          "__id__": 2
        },
        "_materials": [
          {
            "__uuid__": "ecpdLyjvZBwrvm+cedCcQy"
          }
        ],
        "_spriteFrame": {
          "__uuid__": "dacEgX889Dg6t/Fn3zlUT/"
        },
        "_type": 1,
        "_sizeMode": 0
      },
      {
        "__type__": "cc.Animation",
        "node": {
          "__id__": 2
        }
      },
      {
        "__type__": "6fc55rUrPFDxLyLc2cpq/Zh",
        "node": {
          "__id__": 2
        },
        "tipLabel": {
          "__id__": 4
        },
        "tipBg": {
          "__id__": 2
        }
      }
    ],
    "_prefab": {
      "__type__": "cc.PrefabInfo",
      "root": {
        "__id__": 1
      },
      "asset": {
        "__uuid__": "b9WPaF6M9BwoAeKdaA5MDN"
      },
      "fileId": "beETkVVhxNcaMelCjtwC6J"
    },
    "_contentSize": {
      "__type__": "cc.Size",
      "width": 580,
      "height": 70
    }
  },
  {
    "__type__": "cc.Node",
    "_name": "label",
    "_parent": {
      "__id__": 2
    },
    "_level": 3,
    "_components": [
      {
        "__id__": 4
      }
    ],
    "_prefab": {
      "__type__": "cc.PrefabInfo",
      "root": {
        "__id__": 1
      },
      "asset": {
        "__uuid__": "b9WPaF6M9BwoAeKdaA5MDN"
      },
      "fileId": "506eHsQ2dFD4l4NBAUYTpQ"
    },
    "_contentSize": {
      "__type__": "cc.Size",
      "width": 940.72,
      "height": 52.92
    },
    "_scale": {
      "__type__": "cc.Vec3",
      "x": 0.6,
      "y": 0.6,
      "z": 1
    }
  },
  {
    "__type__": "cc.Label",
    "node": {
      "__id__": 3
    },
    "_materials": [
      {
        "__uuid__": "ecpdLyjvZBwrvm+cedCcQy"
      }
    ],
    "_string": "我是一个tip，凑个数量凑个数量凑个数量凑个数量",
    "_N$string": "我是一个tip，凑个数量凑个数量凑个数量凑个数量",
    "_fontSize": 42,
    "_lineHeight": 42,
    "_N$file": {
      "__uuid__": "00oFA5Im5MmJKMlP0KWGno"
    },
    "_isSystemFontUsed": false,
    "_N$horizontalAlign": 1,
    "_N$verticalAlign": 1
  }
]