{
  "__type__": "cc.BitmapFont",
  "_name": "bm_font",
  "spriteFrame": {
    "__uuid__": "06VU6qH09FsZKNd5X4kjKO"
  },
  "fontSize": 64,
  "_fntConfig": {
    "commonHeight": 79,
    "fontSize": 64,
    "atlasName": "bm_font.png",
    "fontDefDictionary": {
      "32": {
        "rect": {
          "x": 411,
          "y": 361,
          "width": 0,
          "height": 0
        },
        "xOffset": 0,
        "yOffset": 69,
        "xAdvance": 17
      },
      "34": {
        "rect": {
          "x": 291,
          "y": 361,
          "width": 26,
          "height": 28
        },
        "xOffset": 3,
        "yOffset": 13,
        "xAdvance": 28
      },
      "39": {
        "rect": {
          "x": 341,
          "y": 361,
          "width": 15,
          "height": 28
        },
        "xOffset": 3,
        "yOffset": 13,
        "xAdvance": 17
      },
      "40": {
        "rect": {
          "x": 185,
          "y": 2,
          "width": 26,
          "height": 67
        },
        "xOffset": 1,
        "yOffset": 10,
        "xAdvance": 23
      },
      "41": {
        "rect": {
          "x": 213,
          "y": 2,
          "width": 26,
          "height": 67
        },
        "xOffset": 0,
        "yOffset": 10,
        "xAdvance": 23
      },
      "42": {
        "rect": {
          "x": 259,
          "y": 361,
          "width": 30,
          "height": 32
        },
        "xOffset": 2,
        "yOffset": 14,
        "xAdvance": 29
      },
      "43": {
        "rect": {
          "x": 197,
          "y": 361,
          "width": 39,
          "height": 41
        },
        "xOffset": 1,
        "yOffset": 21,
        "xAdvance": 37
      },
      "44": {
        "rect": {
          "x": 319,
          "y": 361,
          "width": 20,
          "height": 28
        },
        "xOffset": 1,
        "yOffset": 47,
        "xAdvance": 19
      },
      "45": {
        "rect": {
          "x": 379,
          "y": 361,
          "width": 30,
          "height": 19
        },
        "xOffset": 2,
        "yOffset": 35,
        "xAdvance": 31
      },
      "46": {
        "rect": {
          "x": 358,
          "y": 361,
          "width": 19,
          "height": 22
        },
        "xOffset": 2,
        "yOffset": 48,
        "xAdvance": 18
      },
      "47": {
        "rect": {
          "x": 34,
          "y": 2,
          "width": 43,
          "height": 69
        },
        "xOffset": 0,
        "yOffset": 7,
        "xAdvance": 39
      },
      "48": {
        "rect": {
          "x": 398,
          "y": 77,
          "width": 44,
          "height": 57
        },
        "xOffset": 2,
        "yOffset": 13,
        "xAdvance": 44
      },
      "49": {
        "rect": {
          "x": 436,
          "y": 253,
          "width": 26,
          "height": 55
        },
        "xOffset": 0,
        "yOffset": 14,
        "xAdvance": 26
      },
      "50": {
        "rect": {
          "x": 218,
          "y": 137,
          "width": 40,
          "height": 56
        },
        "xOffset": 1,
        "yOffset": 13,
        "xAdvance": 39
      },
      "51": {
        "rect": {
          "x": 260,
          "y": 137,
          "width": 39,
          "height": 56
        },
        "xOffset": 0,
        "yOffset": 14,
        "xAdvance": 38
      },
      "52": {
        "rect": {
          "x": 231,
          "y": 253,
          "width": 40,
          "height": 55
        },
        "xOffset": 0,
        "yOffset": 14,
        "xAdvance": 38
      },
      "53": {
        "rect": {
          "x": 301,
          "y": 137,
          "width": 39,
          "height": 56
        },
        "xOffset": 1,
        "yOffset": 14,
        "xAdvance": 38
      },
      "54": {
        "rect": {
          "x": 46,
          "y": 137,
          "width": 41,
          "height": 57
        },
        "xOffset": 2,
        "yOffset": 13,
        "xAdvance": 40
      },
      "55": {
        "rect": {
          "x": 273,
          "y": 253,
          "width": 40,
          "height": 55
        },
        "xOffset": 1,
        "yOffset": 14,
        "xAdvance": 37
      },
      "56": {
        "rect": {
          "x": 2,
          "y": 137,
          "width": 42,
          "height": 57
        },
        "xOffset": 1,
        "yOffset": 13,
        "xAdvance": 41
      },
      "57": {
        "rect": {
          "x": 89,
          "y": 137,
          "width": 41,
          "height": 57
        },
        "xOffset": 1,
        "yOffset": 13,
        "xAdvance": 40
      },
      "58": {
        "rect": {
          "x": 238,
          "y": 361,
          "width": 19,
          "height": 39
        },
        "xOffset": 2,
        "yOffset": 31,
        "xAdvance": 20
      },
      "59": {
        "rect": {
          "x": 175,
          "y": 361,
          "width": 20,
          "height": 45
        },
        "xOffset": 2,
        "yOffset": 30,
        "xAdvance": 20
      },
      "60": {
        "rect": {
          "x": 2,
          "y": 310,
          "width": 39,
          "height": 49
        },
        "xOffset": 1,
        "yOffset": 14,
        "xAdvance": 38
      },
      "62": {
        "rect": {
          "x": 43,
          "y": 310,
          "width": 39,
          "height": 49
        },
        "xOffset": 3,
        "yOffset": 14,
        "xAdvance": 38
      },
      "63": {
        "rect": {
          "x": 132,
          "y": 137,
          "width": 36,
          "height": 57
        },
        "xOffset": 0,
        "yOffset": 13,
        "xAdvance": 34
      },
      "65": {
        "rect": {
          "x": 62,
          "y": 196,
          "width": 56,
          "height": 55
        },
        "xOffset": -2,
        "yOffset": 14,
        "xAdvance": 48
      },
      "66": {
        "rect": {
          "x": 186,
          "y": 253,
          "width": 43,
          "height": 55
        },
        "xOffset": 4,
        "yOffset": 14,
        "xAdvance": 44
      },
      "67": {
        "rect": {
          "x": 347,
          "y": 77,
          "width": 49,
          "height": 57
        },
        "xOffset": 1,
        "yOffset": 13,
        "xAdvance": 47
      },
      "68": {
        "rect": {
          "x": 328,
          "y": 196,
          "width": 48,
          "height": 55
        },
        "xOffset": 4,
        "yOffset": 14,
        "xAdvance": 49
      },
      "69": {
        "rect": {
          "x": 315,
          "y": 253,
          "width": 40,
          "height": 55
        },
        "xOffset": 4,
        "yOffset": 14,
        "xAdvance": 42
      },
      "70": {
        "rect": {
          "x": 357,
          "y": 253,
          "width": 38,
          "height": 55
        },
        "xOffset": 4,
        "yOffset": 14,
        "xAdvance": 39
      },
      "71": {
        "rect": {
          "x": 296,
          "y": 77,
          "width": 49,
          "height": 57
        },
        "xOffset": 1,
        "yOffset": 13,
        "xAdvance": 48
      },
      "72": {
        "rect": {
          "x": 2,
          "y": 253,
          "width": 45,
          "height": 55
        },
        "xOffset": 4,
        "yOffset": 14,
        "xAdvance": 49
      },
      "73": {
        "rect": {
          "x": 464,
          "y": 253,
          "width": 17,
          "height": 55
        },
        "xOffset": 4,
        "yOffset": 14,
        "xAdvance": 21
      },
      "74": {
        "rect": {
          "x": 342,
          "y": 137,
          "width": 36,
          "height": 56
        },
        "xOffset": 0,
        "yOffset": 13,
        "xAdvance": 36
      },
      "75": {
        "rect": {
          "x": 427,
          "y": 196,
          "width": 47,
          "height": 55
        },
        "xOffset": 4,
        "yOffset": 14,
        "xAdvance": 45
      },
      "76": {
        "rect": {
          "x": 397,
          "y": 253,
          "width": 37,
          "height": 55
        },
        "xOffset": 4,
        "yOffset": 14,
        "xAdvance": 36
      },
      "77": {
        "rect": {
          "x": 2,
          "y": 196,
          "width": 58,
          "height": 55
        },
        "xOffset": 4,
        "yOffset": 14,
        "xAdvance": 61
      },
      "78": {
        "rect": {
          "x": 227,
          "y": 196,
          "width": 49,
          "height": 55
        },
        "xOffset": 4,
        "yOffset": 14,
        "xAdvance": 52
      },
      "79": {
        "rect": {
          "x": 240,
          "y": 77,
          "width": 54,
          "height": 57
        },
        "xOffset": 1,
        "yOffset": 12,
        "xAdvance": 53
      },
      "80": {
        "rect": {
          "x": 141,
          "y": 253,
          "width": 43,
          "height": 55
        },
        "xOffset": 4,
        "yOffset": 14,
        "xAdvance": 43
      },
      "81": {
        "rect": {
          "x": 241,
          "y": 2,
          "width": 58,
          "height": 65
        },
        "xOffset": 1,
        "yOffset": 13,
        "xAdvance": 53
      },
      "82": {
        "rect": {
          "x": 378,
          "y": 196,
          "width": 47,
          "height": 55
        },
        "xOffset": 4,
        "yOffset": 14,
        "xAdvance": 47
      },
      "83": {
        "rect": {
          "x": 444,
          "y": 77,
          "width": 43,
          "height": 57
        },
        "xOffset": 0,
        "yOffset": 13,
        "xAdvance": 41
      },
      "84": {
        "rect": {
          "x": 96,
          "y": 253,
          "width": 43,
          "height": 55
        },
        "xOffset": 0,
        "yOffset": 14,
        "xAdvance": 39
      },
      "85": {
        "rect": {
          "x": 170,
          "y": 137,
          "width": 46,
          "height": 56
        },
        "xOffset": 3,
        "yOffset": 13,
        "xAdvance": 48
      },
      "86": {
        "rect": {
          "x": 120,
          "y": 196,
          "width": 52,
          "height": 55
        },
        "xOffset": -2,
        "yOffset": 14,
        "xAdvance": 44
      },
      "87": {
        "rect": {
          "x": 415,
          "y": 137,
          "width": 73,
          "height": 55
        },
        "xOffset": -2,
        "yOffset": 14,
        "xAdvance": 65
      },
      "88": {
        "rect": {
          "x": 174,
          "y": 196,
          "width": 51,
          "height": 55
        },
        "xOffset": -1,
        "yOffset": 14,
        "xAdvance": 44
      },
      "89": {
        "rect": {
          "x": 278,
          "y": 196,
          "width": 48,
          "height": 55
        },
        "xOffset": -3,
        "yOffset": 14,
        "xAdvance": 40
      },
      "90": {
        "rect": {
          "x": 49,
          "y": 253,
          "width": 45,
          "height": 55
        },
        "xOffset": 1,
        "yOffset": 14,
        "xAdvance": 44
      },
      "91": {
        "rect": {
          "x": 133,
          "y": 2,
          "width": 24,
          "height": 68
        },
        "xOffset": 3,
        "yOffset": 10,
        "xAdvance": 24
      },
      "93": {
        "rect": {
          "x": 159,
          "y": 2,
          "width": 24,
          "height": 68
        },
        "xOffset": 1,
        "yOffset": 10,
        "xAdvance": 24
      },
      "97": {
        "rect": {
          "x": 322,
          "y": 310,
          "width": 39,
          "height": 46
        },
        "xOffset": 1,
        "yOffset": 24,
        "xAdvance": 38
      },
      "98": {
        "rect": {
          "x": 92,
          "y": 77,
          "width": 43,
          "height": 58
        },
        "xOffset": 3,
        "yOffset": 12,
        "xAdvance": 43
      },
      "99": {
        "rect": {
          "x": 238,
          "y": 310,
          "width": 40,
          "height": 46
        },
        "xOffset": 1,
        "yOffset": 24,
        "xAdvance": 37
      },
      "100": {
        "rect": {
          "x": 47,
          "y": 77,
          "width": 43,
          "height": 58
        },
        "xOffset": 1,
        "yOffset": 12,
        "xAdvance": 43
      },
      "101": {
        "rect": {
          "x": 194,
          "y": 310,
          "width": 42,
          "height": 46
        },
        "xOffset": 1,
        "yOffset": 24,
        "xAdvance": 40
      },
      "102": {
        "rect": {
          "x": 346,
          "y": 2,
          "width": 33,
          "height": 59
        },
        "xOffset": 0,
        "yOffset": 10,
        "xAdvance": 26
      },
      "103": {
        "rect": {
          "x": 301,
          "y": 2,
          "width": 43,
          "height": 59
        },
        "xOffset": 1,
        "yOffset": 24,
        "xAdvance": 43
      },
      "104": {
        "rect": {
          "x": 137,
          "y": 77,
          "width": 40,
          "height": 58
        },
        "xOffset": 3,
        "yOffset": 11,
        "xAdvance": 41
      },
      "105": {
        "rect": {
          "x": 381,
          "y": 2,
          "width": 19,
          "height": 59
        },
        "xOffset": 2,
        "yOffset": 10,
        "xAdvance": 19
      },
      "106": {
        "rect": {
          "x": 2,
          "y": 2,
          "width": 30,
          "height": 73
        },
        "xOffset": -6,
        "yOffset": 10,
        "xAdvance": 22
      },
      "107": {
        "rect": {
          "x": 179,
          "y": 77,
          "width": 40,
          "height": 58
        },
        "xOffset": 3,
        "yOffset": 11,
        "xAdvance": 38
      },
      "108": {
        "rect": {
          "x": 221,
          "y": 77,
          "width": 17,
          "height": 58
        },
        "xOffset": 3,
        "yOffset": 11,
        "xAdvance": 19
      },
      "109": {
        "rect": {
          "x": 84,
          "y": 310,
          "width": 62,
          "height": 46
        },
        "xOffset": 3,
        "yOffset": 23,
        "xAdvance": 63
      },
      "110": {
        "rect": {
          "x": 280,
          "y": 310,
          "width": 40,
          "height": 46
        },
        "xOffset": 3,
        "yOffset": 23,
        "xAdvance": 41
      },
      "111": {
        "rect": {
          "x": 148,
          "y": 310,
          "width": 44,
          "height": 46
        },
        "xOffset": 1,
        "yOffset": 24,
        "xAdvance": 42
      },
      "112": {
        "rect": {
          "x": 2,
          "y": 77,
          "width": 43,
          "height": 58
        },
        "xOffset": 3,
        "yOffset": 23,
        "xAdvance": 43
      },
      "113": {
        "rect": {
          "x": 449,
          "y": 2,
          "width": 43,
          "height": 58
        },
        "xOffset": 1,
        "yOffset": 23,
        "xAdvance": 43
      },
      "114": {
        "rect": {
          "x": 401,
          "y": 310,
          "width": 27,
          "height": 46
        },
        "xOffset": 3,
        "yOffset": 23,
        "xAdvance": 26
      },
      "115": {
        "rect": {
          "x": 363,
          "y": 310,
          "width": 36,
          "height": 46
        },
        "xOffset": 0,
        "yOffset": 24,
        "xAdvance": 33
      },
      "116": {
        "rect": {
          "x": 380,
          "y": 137,
          "width": 33,
          "height": 56
        },
        "xOffset": 0,
        "yOffset": 14,
        "xAdvance": 28
      },
      "117": {
        "rect": {
          "x": 94,
          "y": 361,
          "width": 40,
          "height": 45
        },
        "xOffset": 2,
        "yOffset": 25,
        "xAdvance": 41
      },
      "118": {
        "rect": {
          "x": 2,
          "y": 361,
          "width": 45,
          "height": 45
        },
        "xOffset": -2,
        "yOffset": 24,
        "xAdvance": 38
      },
      "119": {
        "rect": {
          "x": 430,
          "y": 310,
          "width": 64,
          "height": 45
        },
        "xOffset": -1,
        "yOffset": 24,
        "xAdvance": 58
      },
      "120": {
        "rect": {
          "x": 49,
          "y": 361,
          "width": 43,
          "height": 45
        },
        "xOffset": -1,
        "yOffset": 24,
        "xAdvance": 37
      },
      "121": {
        "rect": {
          "x": 402,
          "y": 2,
          "width": 45,
          "height": 58
        },
        "xOffset": -2,
        "yOffset": 25,
        "xAdvance": 38
      },
      "122": {
        "rect": {
          "x": 136,
          "y": 361,
          "width": 37,
          "height": 45
        },
        "xOffset": 1,
        "yOffset": 24,
        "xAdvance": 35
      },
      "123": {
        "rect": {
          "x": 79,
          "y": 2,
          "width": 25,
          "height": 68
        },
        "xOffset": 0,
        "yOffset": 10,
        "xAdvance": 23
      },
      "125": {
        "rect": {
          "x": 106,
          "y": 2,
          "width": 25,
          "height": 68
        },
        "xOffset": 1,
        "yOffset": 10,
        "xAdvance": 23
      }
    },
    "kerningDict": {}
  }
}