[
  {
    "__type__": "cc.Prefab",
    "_name": "Button",
    "data": {
      "__id__": 1
    }
  },
  {
    "__type__": "cc.Node",
    "_name": "Button",
    "_children": [
      {
        "__id__": 2
      }
    ],
    "_level": 1,
    "_components": [
      {
        "__type__": "cab9bUXOXBDk6Oo/t2eesSG",
        "node": {
          "__id__": 1
        },
        "clickEvents": [
          null
        ]
      }
    ],
    "_prefab": {
      "__type__": "cc.PrefabInfo",
      "root": {
        "__id__": 1
      },
      "asset": {
        "__uuid__": "ffKdo1KBlIaq/uRlUirC0o"
      },
      "fileId": "bbzEjM8ChA3JbGQvnINLpB"
    },
    "_contentSize": {
      "__type__": "cc.Size",
      "width": 100,
      "height": 40
    }
  },
  {
    "__type__": "cc.Node",
    "_name": "Background",
    "_parent": {
      "__id__": 1
    },
    "_children": [
      {
        "__id__": 3
      }
    ],
    "_level": 2,
    "_components": [
      {
        "__type__": "cc.Sprite",
        "node": {
          "__id__": 2
        },
        "_materials": [
          {
            "__uuid__": "ecpdLyjvZBwrvm+cedCcQy"
          }
        ],
        "_spriteFrame": {
          "__uuid__": "f0BIwQ8D5Ml7nTNQbh1YlS"
        },
        "_type": 1,
        "_sizeMode": 0
      },
      {
        "__type__": "cc.Widget",
        "node": {
          "__id__": 2
        },
        "alignMode": 0,
        "_alignFlags": 45,
        "_originalWidth": 100,
        "_originalHeight": 40
      }
    ],
    "_prefab": {
      "__type__": "cc.PrefabInfo",
      "root": {
        "__id__": 1
      },
      "asset": {
        "__uuid__": "ffKdo1KBlIaq/uRlUirC0o"
      },
      "fileId": "12gvgRC35EcY9yK1ZNq+RF"
    },
    "_contentSize": {
      "__type__": "cc.Size",
      "width": 100,
      "height": 40
    }
  },
  {
    "__type__": "cc.Node",
    "_name": "Label",
    "_parent": {
      "__id__": 2
    },
    "_level": 3,
    "_components": [
      {
        "__type__": "cc.Label",
        "node": {
          "__id__": 3
        },
        "_materials": [
          {
            "__uuid__": "ecpdLyjvZBwrvm+cedCcQy"
          }
        ],
        "_useOriginalSize": false,
        "_string": "button",
        "_N$string": "button",
        "_fontSize": 20,
        "_enableWrapText": false,
        "_N$horizontalAlign": 1,
        "_N$verticalAlign": 1,
        "_N$overflow": 1
      }
    ],
    "_prefab": {
      "__type__": "cc.PrefabInfo",
      "root": {
        "__id__": 1
      },
      "asset": {
        "__uuid__": "ffKdo1KBlIaq/uRlUirC0o"
      },
      "fileId": "28j3800sBNCKBm7KlV/SVv"
    },
    "_color": {
      "__type__": "cc.Color"
    },
    "_contentSize": {
      "__type__": "cc.Size",
      "width": 100,
      "height": 40
    }
  }
]