{
  "__type__": "sp.SkeletonData",
  "_name": "logo",
  "skeletonJsonStr": "{\"skeleton\":{\"hash\":\"3mDiQekMg2nP8e8Z9ljzlC/buZs\",\"spine\":\"3.5.35\",\"width\":0,\"height\":0,\"images\":\"\"},\"bones\":[{\"name\":\"root\"},{\"name\":\"zi\",\"parent\":\"root\"},{\"name\":\"a\",\"parent\":\"zi\"},{\"name\":\"bz\",\"parent\":\"root\",\"y\":99.79},{\"name\":\"bz2\",\"parent\":\"root\",\"rotation\":180,\"y\":62.83},{\"name\":\"dai\",\"parent\":\"root\"},{\"name\":\"dai2\",\"parent\":\"root\"},{\"name\":\"e\",\"parent\":\"zi\"},{\"name\":\"fk\",\"parent\":\"root\"},{\"name\":\"g\",\"parent\":\"zi\"},{\"name\":\"m\",\"parent\":\"zi\"},{\"name\":\"quan\",\"parent\":\"root\"},{\"name\":\"sanjiao\",\"parent\":\"root\"},{\"name\":\"x1\",\"parent\":\"root\"},{\"name\":\"x2\",\"parent\":\"root\"},{\"name\":\"x3\",\"parent\":\"root\"},{\"name\":\"z\",\"parent\":\"zi\"}],\"slots\":[{\"name\":\"bz\",\"bone\":\"bz\"},{\"name\":\"bz2\",\"bone\":\"bz2\"},{\"name\":\"e\",\"bone\":\"e\"},{\"name\":\"m\",\"bone\":\"m\"},{\"name\":\"a\",\"bone\":\"a\"},{\"name\":\"g\",\"bone\":\"g\"},{\"name\":\"z\",\"bone\":\"z\"},{\"name\":\"quan\",\"bone\":\"quan\"},{\"name\":\"sanjiao\",\"bone\":\"sanjiao\"},{\"name\":\"fk\",\"bone\":\"fk\"},{\"name\":\"1x2\",\"bone\":\"x2\"},{\"name\":\"1x3\",\"bone\":\"x3\"},{\"name\":\"1x\",\"bone\":\"x1\"},{\"name\":\"dai\",\"bone\":\"dai\"},{\"name\":\"dai2\",\"bone\":\"dai2\"}],\"skins\":{\"default\":{\"1x\":{\"images/x1/1x_00004\":{\"width\":750,\"height\":750},\"images/x1/1x_00006\":{\"width\":750,\"height\":750},\"images/x1/1x_00008\":{\"width\":750,\"height\":750},\"images/x1/1x_00010\":{\"width\":750,\"height\":750},\"images/x1/1x_00012\":{\"width\":750,\"height\":750}},\"1x2\":{\"images/x2/2x_00024\":{\"width\":750,\"height\":750},\"images/x2/2x_00026\":{\"width\":750,\"height\":750},\"images/x2/2x_00028\":{\"width\":750,\"height\":750},\"images/x2/2x_00030\":{\"width\":750,\"height\":750}},\"1x3\":{\"images/x2/2x_00024\":{\"width\":750,\"height\":750},\"images/x2/2x_00026\":{\"width\":750,\"height\":750},\"images/x2/2x_00028\":{\"width\":750,\"height\":750},\"images/x2/2x_00030\":{\"width\":750,\"height\":750}},\"a\":{\"images/a_00000_00000\":{\"width\":300,\"height\":300}},\"bz\":{\"images/biaozhi_00068\":{\"width\":750,\"height\":750}},\"bz2\":{\"images/biaozhi_00068\":{\"width\":750,\"height\":750}},\"dai\":{\"images/dai_00075\":{\"width\":399,\"height\":34}},\"dai2\":{\"images/dai_00075\":{\"width\":399,\"height\":34}},\"e\":{\"images/e_00000_00000\":{\"x\":24.5,\"width\":300,\"height\":300}},\"fk\":{\"images/fangkuai_00021\":{\"width\":76,\"height\":79}},\"g\":{\"images/g_00000_00000\":{\"width\":300,\"height\":300}},\"m\":{\"images/m_00000_00000\":{\"width\":300,\"height\":300}},\"quan\":{\"images/quan_00029\":{\"width\":87,\"height\":89}},\"sanjiao\":{\"images/sanjao_00029\":{\"width\":118,\"height\":110}},\"z\":{\"images/z_00000_00000\":{\"y\":113.61,\"width\":750,\"height\":750}}}},\"animations\":{\"play1\":{\"slots\":{\"1x\":{\"attachment\":[{\"time\":0,\"name\":null},{\"time\":0.1333,\"name\":\"images/x1/1x_00004\"},{\"time\":0.2,\"name\":\"images/x1/1x_00006\"},{\"time\":0.2667,\"name\":\"images/x1/1x_00008\"},{\"time\":0.3333,\"name\":\"images/x1/1x_00010\"},{\"time\":0.4,\"name\":\"images/x1/1x_00012\"},{\"time\":0.4667,\"name\":null}]},\"1x2\":{\"attachment\":[{\"time\":0,\"name\":null},{\"time\":0.8,\"name\":\"images/x2/2x_00024\"},{\"time\":0.8667,\"name\":\"images/x2/2x_00026\"},{\"time\":0.9333,\"name\":\"images/x2/2x_00028\"},{\"time\":1,\"name\":\"images/x2/2x_00030\"},{\"time\":1.0667,\"name\":null}]},\"1x3\":{\"attachment\":[{\"time\":0,\"name\":null},{\"time\":0.7667,\"name\":\"images/x2/2x_00024\"},{\"time\":0.8,\"name\":\"images/x2/2x_00026\"},{\"time\":0.8333,\"name\":\"images/x2/2x_00028\"},{\"time\":0.9,\"name\":\"images/x2/2x_00030\"},{\"time\":0.9667,\"name\":null}]},\"a\":{\"color\":[{\"time\":0,\"color\":\"ffffff00\",\"curve\":\"stepped\"},{\"time\":1.3333,\"color\":\"ffffff00\"},{\"time\":1.5,\"color\":\"ffffffff\"}],\"attachment\":[{\"time\":0,\"name\":null},{\"time\":1.3333,\"name\":\"images/a_00000_00000\"},{\"time\":3.6667,\"name\":null}]},\"bz\":{\"attachment\":[{\"time\":0,\"name\":null},{\"time\":1.5,\"name\":\"images/biaozhi_00068\"}]},\"bz2\":{\"attachment\":[{\"time\":0,\"name\":null},{\"time\":1.5,\"name\":\"images/biaozhi_00068\"}]},\"dai\":{\"color\":[{\"time\":0,\"color\":\"ff875aff\",\"curve\":\"stepped\"},{\"time\":0.4,\"color\":\"ff875aff\",\"curve\":\"stepped\"},{\"time\":0.8,\"color\":\"ff4540ff\",\"curve\":\"stepped\"},{\"time\":1.8333,\"color\":\"ff739aff\",\"curve\":\"stepped\"},{\"time\":2.2,\"color\":\"7babffff\"}],\"attachment\":[{\"time\":0,\"name\":null},{\"time\":0.4,\"name\":\"images/dai_00075\"},{\"time\":0.6333,\"name\":null},{\"time\":0.8,\"name\":\"images/dai_00075\"},{\"time\":0.9667,\"name\":null},{\"time\":1.8333,\"name\":\"images/dai_00075\"},{\"time\":2,\"name\":null},{\"time\":2.2,\"name\":\"images/dai_00075\"},{\"time\":2.7,\"name\":null}]},\"dai2\":{\"color\":[{\"time\":0,\"color\":\"ff867aff\",\"curve\":\"stepped\"},{\"time\":0.8333,\"color\":\"ff853dff\"}],\"attachment\":[{\"time\":0,\"name\":null},{\"time\":0.4333,\"name\":\"images/dai_00075\"},{\"time\":0.6,\"name\":null},{\"time\":0.8333,\"name\":\"images/dai_00075\"},{\"time\":1.0667,\"name\":null},{\"time\":1.8667,\"name\":\"images/dai_00075\"},{\"time\":2.0667,\"name\":null}]},\"e\":{\"color\":[{\"time\":0,\"color\":\"ffffff00\",\"curve\":\"stepped\"},{\"time\":1.3333,\"color\":\"ffffff00\",\"curve\":[0.25,0,0.75,1]},{\"time\":1.6667,\"color\":\"ffffffff\"}],\"attachment\":[{\"time\":0,\"name\":null},{\"time\":1.3333,\"name\":\"images/e_00000_00000\"},{\"time\":3.6667,\"name\":null}]},\"fk\":{\"attachment\":[{\"time\":0,\"name\":\"images/fangkuai_00021\"},{\"time\":0.7667,\"name\":null}]},\"g\":{\"color\":[{\"time\":0,\"color\":\"ffffff00\",\"curve\":\"stepped\"},{\"time\":1.3333,\"color\":\"ffffff00\"},{\"time\":1.4333,\"color\":\"ffffffff\"}],\"attachment\":[{\"time\":0,\"name\":null},{\"time\":1.3333,\"name\":\"images/g_00000_00000\"},{\"time\":3.6667,\"name\":null}]},\"m\":{\"color\":[{\"time\":0,\"color\":\"ffffff00\",\"curve\":\"stepped\"},{\"time\":1.3333,\"color\":\"ffffff00\"},{\"time\":1.5333,\"color\":\"ffffffff\"}],\"attachment\":[{\"time\":0,\"name\":null},{\"time\":1.3333,\"name\":\"images/m_00000_00000\"},{\"time\":3.6667,\"name\":null}]},\"quan\":{\"color\":[{\"time\":0,\"color\":\"ffffffff\",\"curve\":\"stepped\"},{\"time\":1,\"color\":\"ffffffff\"},{\"time\":1.2333,\"color\":\"ffffff00\"}],\"attachment\":[{\"time\":0,\"name\":null},{\"time\":0.7333,\"name\":\"images/quan_00029\"},{\"time\":1.2667,\"name\":null}]},\"sanjiao\":{\"color\":[{\"time\":0,\"color\":\"ffffffff\",\"curve\":\"stepped\"},{\"time\":1.1333,\"color\":\"ffffffff\"},{\"time\":1.3667,\"color\":\"ffffff00\"}],\"attachment\":[{\"time\":0,\"name\":null},{\"time\":0.7333,\"name\":\"images/sanjao_00029\"},{\"time\":1.3667,\"name\":null}]},\"z\":{\"attachment\":[{\"time\":0,\"name\":null},{\"time\":0.7667,\"name\":\"images/z_00000_00000\"},{\"time\":3.6667,\"name\":null}]}},\"bones\":{\"fk\":{\"translate\":[{\"time\":0,\"x\":0,\"y\":-293.71,\"curve\":[0.386,-0.01,0.683,1.9]},{\"time\":0.3667,\"x\":0,\"y\":37.69,\"curve\":[0.074,0.96,0.274,0.99]},{\"time\":0.7,\"x\":0,\"y\":1.78}],\"scale\":[{\"time\":0,\"x\":0.187,\"y\":0.697,\"curve\":[0.153,0.52,0.777,0.55]},{\"time\":0.2,\"x\":0.187,\"y\":5.205,\"curve\":[0.25,0,0.75,1]},{\"time\":0.3667,\"x\":0.187,\"y\":0.201,\"curve\":[0,0.4,0.375,0.73]},{\"time\":0.4,\"x\":2.351,\"y\":0.344,\"curve\":[0.217,0.86,0.783,1]},{\"time\":0.5333,\"x\":3.562,\"y\":0.201,\"curve\":[0.25,0,0.986,0.03]},{\"time\":0.7,\"x\":0.194,\"y\":0.201},{\"time\":0.7333,\"x\":0.362,\"y\":0.375}]},\"z\":{\"translate\":[{\"time\":0,\"x\":0,\"y\":0,\"curve\":\"stepped\"},{\"time\":1.2667,\"x\":0,\"y\":0,\"curve\":[0.417,-0.01,0.401,1.01]},{\"time\":2.2333,\"x\":-183.4,\"y\":0,\"curve\":\"stepped\"},{\"time\":3.6667,\"x\":-183.4,\"y\":0}],\"scale\":[{\"time\":0,\"x\":0.88,\"y\":0.917},{\"time\":0.7667,\"x\":0.196,\"y\":0.115,\"curve\":[0,0.81,0.75,1]},{\"time\":0.9,\"x\":0.77,\"y\":0.779,\"curve\":[0.25,0,0.75,1]},{\"time\":1.0333,\"x\":0.692,\"y\":0.706,\"curve\":[0.25,0,0.383,0.96]},{\"time\":1.2667,\"x\":0.697,\"y\":0.726,\"curve\":[0.635,0,0.88,1]},{\"time\":2.2333,\"x\":0.424,\"y\":0.442}]},\"g\":{\"translate\":[{\"time\":0,\"x\":0,\"y\":72.67,\"curve\":\"stepped\"},{\"time\":1.3333,\"x\":0,\"y\":72.67,\"curve\":\"stepped\"},{\"time\":1.3667,\"x\":0,\"y\":72.67,\"curve\":[0.396,0.01,0.338,0.94]},{\"time\":2.2333,\"x\":-109.02,\"y\":48.84}],\"scale\":[{\"time\":0,\"x\":1.333,\"y\":1.333,\"curve\":\"stepped\"},{\"time\":1.3333,\"x\":1.333,\"y\":1.333,\"curve\":[0.214,-0.01,0.62,1]},{\"time\":2.2333,\"x\":0.905,\"y\":0.905}]},\"a\":{\"translate\":[{\"time\":0,\"x\":0,\"y\":62.95,\"curve\":\"stepped\"},{\"time\":1.3333,\"x\":0,\"y\":62.95,\"curve\":[0.25,0,0.75,1]},{\"time\":2.2333,\"x\":-18.45,\"y\":49.61}],\"scale\":[{\"time\":0,\"x\":1.185,\"y\":1.185,\"curve\":\"stepped\"},{\"time\":1.3333,\"x\":1.185,\"y\":1.185,\"curve\":[0.223,0,0.332,1]},{\"time\":2.2333,\"x\":0.921,\"y\":0.921}]},\"m\":{\"translate\":[{\"time\":0,\"x\":0,\"y\":49.82,\"curve\":\"stepped\"},{\"time\":1.3333,\"x\":0,\"y\":49.82,\"curve\":[0.083,0.52,0.459,0.93]},{\"time\":2.2333,\"x\":96.44,\"y\":49.08}],\"scale\":[{\"time\":0,\"x\":0.946,\"y\":0.946,\"curve\":\"stepped\"},{\"time\":1.3333,\"x\":0.946,\"y\":0.946,\"curve\":[0.111,0.34,0.75,1]},{\"time\":1.6333,\"x\":0.848,\"y\":0.937,\"curve\":[0.12,0.75,0.75,1]},{\"time\":2.2333,\"x\":0.919,\"y\":0.919}]},\"e\":{\"translate\":[{\"time\":0,\"x\":0,\"y\":40.58,\"curve\":\"stepped\"},{\"time\":1.3333,\"x\":0,\"y\":40.58,\"curve\":[0,0.38,0.429,1.01]},{\"time\":2.2667,\"x\":177.23,\"y\":48.56}],\"scale\":[{\"time\":0,\"x\":0.763,\"y\":0.763,\"curve\":\"stepped\"},{\"time\":1.3333,\"x\":0.763,\"y\":0.763,\"curve\":[0.477,0,0,1.01]},{\"time\":2.4,\"x\":0.92,\"y\":0.92}]},\"zi\":{\"translate\":[{\"time\":0,\"x\":0,\"y\":-11.82,\"curve\":\"stepped\"},{\"time\":0.8,\"x\":0,\"y\":-11.82,\"curve\":[0.556,-0.25,0.465,1]},{\"time\":2.2333,\"x\":0,\"y\":-161.07}],\"scale\":[{\"time\":0,\"x\":1.466,\"y\":1.466,\"curve\":\"stepped\"},{\"time\":0.7333,\"x\":1.466,\"y\":1.466,\"curve\":[0.25,0,0.92,0.44]},{\"time\":2.2333,\"x\":1,\"y\":1}]},\"bz\":{\"translate\":[{\"time\":0,\"x\":482.89,\"y\":78.74,\"curve\":\"stepped\"},{\"time\":1.5,\"x\":482.89,\"y\":78.74,\"curve\":[0.142,0.73,0.771,0.97]},{\"time\":2,\"x\":0,\"y\":0}],\"scale\":[{\"time\":0,\"x\":0.5,\"y\":0.5,\"curve\":\"stepped\"},{\"time\":1.5,\"x\":0.5,\"y\":0.5,\"curve\":[0,0.58,0.75,1]},{\"time\":2,\"x\":1,\"y\":1}]},\"bz2\":{\"translate\":[{\"time\":0,\"x\":-460.88,\"y\":42.85,\"curve\":\"stepped\"},{\"time\":1.5,\"x\":-460.88,\"y\":42.85,\"curve\":[0.164,0.74,0.777,0.98]},{\"time\":2,\"x\":0,\"y\":0}],\"scale\":[{\"time\":0,\"x\":0.5,\"y\":0.5,\"curve\":\"stepped\"},{\"time\":1.5,\"x\":0.5,\"y\":0.5,\"curve\":[0,0.66,0.75,1]},{\"time\":2,\"x\":1,\"y\":1}]},\"x1\":{\"translate\":[{\"time\":0,\"x\":0,\"y\":-77.93,\"curve\":[0,0.83,0.559,0.98]},{\"time\":0.4333,\"x\":0,\"y\":-26.37}],\"scale\":[{\"time\":0,\"x\":1.3,\"y\":1.3}]},\"dai\":{\"rotate\":[{\"time\":0,\"angle\":0,\"curve\":\"stepped\"},{\"time\":0.8,\"angle\":40.48,\"curve\":\"stepped\"},{\"time\":1.8333,\"angle\":0}],\"translate\":[{\"time\":0,\"x\":38.58,\"y\":28.93,\"curve\":\"stepped\"},{\"time\":0.4,\"x\":38.58,\"y\":28.93},{\"time\":0.6,\"x\":148.84,\"y\":28.93,\"curve\":\"stepped\"},{\"time\":0.8,\"x\":29.66,\"y\":41.91},{\"time\":0.9333,\"x\":114.91,\"y\":124.6,\"curve\":\"stepped\"},{\"time\":1.8333,\"x\":-5.64,\"y\":28.93},{\"time\":1.9667,\"x\":103.61,\"y\":28.93,\"curve\":\"stepped\"},{\"time\":2.2,\"x\":-275.35,\"y\":-174,\"curve\":[0.477,0,0.453,1]},{\"time\":2.6667,\"x\":240.81,\"y\":-174}],\"scale\":[{\"time\":0,\"x\":0.076,\"y\":1,\"curve\":\"stepped\"},{\"time\":0.4,\"x\":0.076,\"y\":1},{\"time\":0.5,\"x\":0.306,\"y\":1},{\"time\":0.6,\"x\":0.014,\"y\":1,\"curve\":\"stepped\"},{\"time\":0.8,\"x\":0.076,\"y\":1},{\"time\":0.8667,\"x\":0.255,\"y\":1},{\"time\":0.9333,\"x\":0.014,\"y\":1,\"curve\":\"stepped\"},{\"time\":1.8333,\"x\":0.076,\"y\":1},{\"time\":1.9,\"x\":0.267,\"y\":1},{\"time\":1.9667,\"x\":0.025,\"y\":1,\"curve\":\"stepped\"},{\"time\":2.2,\"x\":0.025,\"y\":1,\"curve\":[0.684,0,0.779,0.49]},{\"time\":2.4,\"x\":1.01,\"y\":1,\"curve\":[0.25,0,0.608,1]},{\"time\":2.6333,\"x\":0.025,\"y\":1}]},\"dai2\":{\"rotate\":[{\"time\":0,\"angle\":0,\"curve\":\"stepped\"},{\"time\":0.8333,\"angle\":-63.1,\"curve\":\"stepped\"},{\"time\":1.8667,\"angle\":0}],\"translate\":[{\"time\":0,\"x\":-37.85,\"y\":-8.7,\"curve\":\"stepped\"},{\"time\":0.4333,\"x\":-37.85,\"y\":-8.7},{\"time\":0.5667,\"x\":-170.44,\"y\":-8.7,\"curve\":\"stepped\"},{\"time\":0.8333,\"x\":-97.77,\"y\":122.63,\"curve\":[0.02,0.25,0.68,0.85]},{\"time\":1.0333,\"x\":-179.36,\"y\":292.2,\"curve\":\"stepped\"},{\"time\":1.8667,\"x\":40.58,\"y\":129.25},{\"time\":2.0333,\"x\":-95.25,\"y\":129.25}],\"scale\":[{\"time\":0,\"x\":0.076,\"y\":1,\"curve\":\"stepped\"},{\"time\":0.4333,\"x\":0.076,\"y\":1},{\"time\":0.5,\"x\":0.306,\"y\":1},{\"time\":0.5667,\"x\":0.014,\"y\":1,\"curve\":\"stepped\"},{\"time\":0.8333,\"x\":0.076,\"y\":1},{\"time\":0.9333,\"x\":0.367,\"y\":1},{\"time\":1.0333,\"x\":0.014,\"y\":1,\"curve\":\"stepped\"},{\"time\":1.8667,\"x\":0.076,\"y\":1},{\"time\":1.9333,\"x\":0.306,\"y\":1},{\"time\":2.0333,\"x\":0.045,\"y\":1}]},\"x2\":{\"rotate\":[{\"time\":0,\"angle\":-57.45}],\"translate\":[{\"time\":0,\"x\":153.37,\"y\":34.09}],\"scale\":[{\"time\":0,\"x\":1.13,\"y\":1.13}]},\"x3\":{\"rotate\":[{\"time\":0,\"angle\":40.86}],\"translate\":[{\"time\":0,\"x\":-131.14,\"y\":-4.99}],\"scale\":[{\"time\":0,\"x\":0.9,\"y\":0.9}]},\"quan\":{\"translate\":[{\"time\":0,\"x\":55.5,\"y\":19.92,\"curve\":\"stepped\"},{\"time\":0.7333,\"x\":28.46,\"y\":21.34,\"curve\":[0,0.49,0.75,1]},{\"time\":1.2,\"x\":266.1,\"y\":182.14}],\"scale\":[{\"time\":0,\"x\":0,\"y\":0,\"curve\":\"stepped\"},{\"time\":0.7333,\"x\":0,\"y\":0,\"curve\":[0.004,0.72,0.75,1]},{\"time\":1.2,\"x\":1.3,\"y\":1.3}]},\"sanjiao\":{\"rotate\":[{\"time\":0,\"angle\":0,\"curve\":\"stepped\"},{\"time\":0.7333,\"angle\":0},{\"time\":1.3333,\"angle\":160.52}],\"translate\":[{\"time\":0,\"x\":0,\"y\":0,\"curve\":\"stepped\"},{\"time\":0.7333,\"x\":0,\"y\":0,\"curve\":[0.026,0.72,0.75,1]},{\"time\":1.3,\"x\":-245.31,\"y\":160.45}],\"scale\":[{\"time\":0,\"x\":0.3,\"y\":0.3,\"curve\":\"stepped\"},{\"time\":0.7333,\"x\":0.3,\"y\":0.3,\"curve\":[0.168,0.33,0.75,1]},{\"time\":1.2667,\"x\":1.2,\"y\":1.2}]}}}}}",
  "_skeletonJson": {
    "skeleton": {
      "hash": "3mDiQekMg2nP8e8Z9ljzlC/buZs",
      "spine": "3.5.35",
      "width": 0,
      "height": 0,
      "images": ""
    },
    "bones": [
      {
        "name": "root"
      },
      {
        "name": "zi",
        "parent": "root"
      },
      {
        "name": "a",
        "parent": "zi"
      },
      {
        "name": "bz",
        "parent": "root",
        "y": 99.79
      },
      {
        "name": "bz2",
        "parent": "root",
        "rotation": 180,
        "y": 62.83
      },
      {
        "name": "dai",
        "parent": "root"
      },
      {
        "name": "dai2",
        "parent": "root"
      },
      {
        "name": "e",
        "parent": "zi"
      },
      {
        "name": "fk",
        "parent": "root"
      },
      {
        "name": "g",
        "parent": "zi"
      },
      {
        "name": "m",
        "parent": "zi"
      },
      {
        "name": "quan",
        "parent": "root"
      },
      {
        "name": "sanjiao",
        "parent": "root"
      },
      {
        "name": "x1",
        "parent": "root"
      },
      {
        "name": "x2",
        "parent": "root"
      },
      {
        "name": "x3",
        "parent": "root"
      },
      {
        "name": "z",
        "parent": "zi"
      }
    ],
    "slots": [
      {
        "name": "bz",
        "bone": "bz"
      },
      {
        "name": "bz2",
        "bone": "bz2"
      },
      {
        "name": "e",
        "bone": "e"
      },
      {
        "name": "m",
        "bone": "m"
      },
      {
        "name": "a",
        "bone": "a"
      },
      {
        "name": "g",
        "bone": "g"
      },
      {
        "name": "z",
        "bone": "z"
      },
      {
        "name": "quan",
        "bone": "quan"
      },
      {
        "name": "sanjiao",
        "bone": "sanjiao"
      },
      {
        "name": "fk",
        "bone": "fk"
      },
      {
        "name": "1x2",
        "bone": "x2"
      },
      {
        "name": "1x3",
        "bone": "x3"
      },
      {
        "name": "1x",
        "bone": "x1"
      },
      {
        "name": "dai",
        "bone": "dai"
      },
      {
        "name": "dai2",
        "bone": "dai2"
      }
    ],
    "skins": {
      "default": {
        "1x": {
          "images/x1/1x_00004": {
            "width": 750,
            "height": 750
          },
          "images/x1/1x_00006": {
            "width": 750,
            "height": 750
          },
          "images/x1/1x_00008": {
            "width": 750,
            "height": 750
          },
          "images/x1/1x_00010": {
            "width": 750,
            "height": 750
          },
          "images/x1/1x_00012": {
            "width": 750,
            "height": 750
          }
        },
        "1x2": {
          "images/x2/2x_00024": {
            "width": 750,
            "height": 750
          },
          "images/x2/2x_00026": {
            "width": 750,
            "height": 750
          },
          "images/x2/2x_00028": {
            "width": 750,
            "height": 750
          },
          "images/x2/2x_00030": {
            "width": 750,
            "height": 750
          }
        },
        "1x3": {
          "images/x2/2x_00024": {
            "width": 750,
            "height": 750
          },
          "images/x2/2x_00026": {
            "width": 750,
            "height": 750
          },
          "images/x2/2x_00028": {
            "width": 750,
            "height": 750
          },
          "images/x2/2x_00030": {
            "width": 750,
            "height": 750
          }
        },
        "a": {
          "images/a_00000_00000": {
            "width": 300,
            "height": 300
          }
        },
        "bz": {
          "images/biaozhi_00068": {
            "width": 750,
            "height": 750
          }
        },
        "bz2": {
          "images/biaozhi_00068": {
            "width": 750,
            "height": 750
          }
        },
        "dai": {
          "images/dai_00075": {
            "width": 399,
            "height": 34
          }
        },
        "dai2": {
          "images/dai_00075": {
            "width": 399,
            "height": 34
          }
        },
        "e": {
          "images/e_00000_00000": {
            "x": 24.5,
            "width": 300,
            "height": 300
          }
        },
        "fk": {
          "images/fangkuai_00021": {
            "width": 76,
            "height": 79
          }
        },
        "g": {
          "images/g_00000_00000": {
            "width": 300,
            "height": 300
          }
        },
        "m": {
          "images/m_00000_00000": {
            "width": 300,
            "height": 300
          }
        },
        "quan": {
          "images/quan_00029": {
            "width": 87,
            "height": 89
          }
        },
        "sanjiao": {
          "images/sanjao_00029": {
            "width": 118,
            "height": 110
          }
        },
        "z": {
          "images/z_00000_00000": {
            "y": 113.61,
            "width": 750,
            "height": 750
          }
        }
      }
    },
    "animations": {
      "play1": {
        "slots": {
          "1x": {
            "attachment": [
              {
                "time": 0,
                "name": null
              },
              {
                "time": 0.1333,
                "name": "images/x1/1x_00004"
              },
              {
                "time": 0.2,
                "name": "images/x1/1x_00006"
              },
              {
                "time": 0.2667,
                "name": "images/x1/1x_00008"
              },
              {
                "time": 0.3333,
                "name": "images/x1/1x_00010"
              },
              {
                "time": 0.4,
                "name": "images/x1/1x_00012"
              },
              {
                "time": 0.4667,
                "name": null
              }
            ]
          },
          "1x2": {
            "attachment": [
              {
                "time": 0,
                "name": null
              },
              {
                "time": 0.8,
                "name": "images/x2/2x_00024"
              },
              {
                "time": 0.8667,
                "name": "images/x2/2x_00026"
              },
              {
                "time": 0.9333,
                "name": "images/x2/2x_00028"
              },
              {
                "time": 1,
                "name": "images/x2/2x_00030"
              },
              {
                "time": 1.0667,
                "name": null
              }
            ]
          },
          "1x3": {
            "attachment": [
              {
                "time": 0,
                "name": null
              },
              {
                "time": 0.7667,
                "name": "images/x2/2x_00024"
              },
              {
                "time": 0.8,
                "name": "images/x2/2x_00026"
              },
              {
                "time": 0.8333,
                "name": "images/x2/2x_00028"
              },
              {
                "time": 0.9,
                "name": "images/x2/2x_00030"
              },
              {
                "time": 0.9667,
                "name": null
              }
            ]
          },
          "a": {
            "color": [
              {
                "time": 0,
                "color": "ffffff00",
                "curve": "stepped"
              },
              {
                "time": 1.3333,
                "color": "ffffff00"
              },
              {
                "time": 1.5,
                "color": "ffffffff"
              }
            ],
            "attachment": [
              {
                "time": 0,
                "name": null
              },
              {
                "time": 1.3333,
                "name": "images/a_00000_00000"
              },
              {
                "time": 3.6667,
                "name": null
              }
            ]
          },
          "bz": {
            "attachment": [
              {
                "time": 0,
                "name": null
              },
              {
                "time": 1.5,
                "name": "images/biaozhi_00068"
              }
            ]
          },
          "bz2": {
            "attachment": [
              {
                "time": 0,
                "name": null
              },
              {
                "time": 1.5,
                "name": "images/biaozhi_00068"
              }
            ]
          },
          "dai": {
            "color": [
              {
                "time": 0,
                "color": "ff875aff",
                "curve": "stepped"
              },
              {
                "time": 0.4,
                "color": "ff875aff",
                "curve": "stepped"
              },
              {
                "time": 0.8,
                "color": "ff4540ff",
                "curve": "stepped"
              },
              {
                "time": 1.8333,
                "color": "ff739aff",
                "curve": "stepped"
              },
              {
                "time": 2.2,
                "color": "7babffff"
              }
            ],
            "attachment": [
              {
                "time": 0,
                "name": null
              },
              {
                "time": 0.4,
                "name": "images/dai_00075"
              },
              {
                "time": 0.6333,
                "name": null
              },
              {
                "time": 0.8,
                "name": "images/dai_00075"
              },
              {
                "time": 0.9667,
                "name": null
              },
              {
                "time": 1.8333,
                "name": "images/dai_00075"
              },
              {
                "time": 2,
                "name": null
              },
              {
                "time": 2.2,
                "name": "images/dai_00075"
              },
              {
                "time": 2.7,
                "name": null
              }
            ]
          },
          "dai2": {
            "color": [
              {
                "time": 0,
                "color": "ff867aff",
                "curve": "stepped"
              },
              {
                "time": 0.8333,
                "color": "ff853dff"
              }
            ],
            "attachment": [
              {
                "time": 0,
                "name": null
              },
              {
                "time": 0.4333,
                "name": "images/dai_00075"
              },
              {
                "time": 0.6,
                "name": null
              },
              {
                "time": 0.8333,
                "name": "images/dai_00075"
              },
              {
                "time": 1.0667,
                "name": null
              },
              {
                "time": 1.8667,
                "name": "images/dai_00075"
              },
              {
                "time": 2.0667,
                "name": null
              }
            ]
          },
          "e": {
            "color": [
              {
                "time": 0,
                "color": "ffffff00",
                "curve": "stepped"
              },
              {
                "time": 1.3333,
                "color": "ffffff00",
                "curve": [
                  0.25,
                  0,
                  0.75,
                  1
                ]
              },
              {
                "time": 1.6667,
                "color": "ffffffff"
              }
            ],
            "attachment": [
              {
                "time": 0,
                "name": null
              },
              {
                "time": 1.3333,
                "name": "images/e_00000_00000"
              },
              {
                "time": 3.6667,
                "name": null
              }
            ]
          },
          "fk": {
            "attachment": [
              {
                "time": 0,
                "name": "images/fangkuai_00021"
              },
              {
                "time": 0.7667,
                "name": null
              }
            ]
          },
          "g": {
            "color": [
              {
                "time": 0,
                "color": "ffffff00",
                "curve": "stepped"
              },
              {
                "time": 1.3333,
                "color": "ffffff00"
              },
              {
                "time": 1.4333,
                "color": "ffffffff"
              }
            ],
            "attachment": [
              {
                "time": 0,
                "name": null
              },
              {
                "time": 1.3333,
                "name": "images/g_00000_00000"
              },
              {
                "time": 3.6667,
                "name": null
              }
            ]
          },
          "m": {
            "color": [
              {
                "time": 0,
                "color": "ffffff00",
                "curve": "stepped"
              },
              {
                "time": 1.3333,
                "color": "ffffff00"
              },
              {
                "time": 1.5333,
                "color": "ffffffff"
              }
            ],
            "attachment": [
              {
                "time": 0,
                "name": null
              },
              {
                "time": 1.3333,
                "name": "images/m_00000_00000"
              },
              {
                "time": 3.6667,
                "name": null
              }
            ]
          },
          "quan": {
            "color": [
              {
                "time": 0,
                "color": "ffffffff",
                "curve": "stepped"
              },
              {
                "time": 1,
                "color": "ffffffff"
              },
              {
                "time": 1.2333,
                "color": "ffffff00"
              }
            ],
            "attachment": [
              {
                "time": 0,
                "name": null
              },
              {
                "time": 0.7333,
                "name": "images/quan_00029"
              },
              {
                "time": 1.2667,
                "name": null
              }
            ]
          },
          "sanjiao": {
            "color": [
              {
                "time": 0,
                "color": "ffffffff",
                "curve": "stepped"
              },
              {
                "time": 1.1333,
                "color": "ffffffff"
              },
              {
                "time": 1.3667,
                "color": "ffffff00"
              }
            ],
            "attachment": [
              {
                "time": 0,
                "name": null
              },
              {
                "time": 0.7333,
                "name": "images/sanjao_00029"
              },
              {
                "time": 1.3667,
                "name": null
              }
            ]
          },
          "z": {
            "attachment": [
              {
                "time": 0,
                "name": null
              },
              {
                "time": 0.7667,
                "name": "images/z_00000_00000"
              },
              {
                "time": 3.6667,
                "name": null
              }
            ]
          }
        },
        "bones": {
          "fk": {
            "translate": [
              {
                "time": 0,
                "x": 0,
                "y": -293.71,
                "curve": [
                  0.386,
                  -0.01,
                  0.683,
                  1.9
                ]
              },
              {
                "time": 0.3667,
                "x": 0,
                "y": 37.69,
                "curve": [
                  0.074,
                  0.96,
                  0.274,
                  0.99
                ]
              },
              {
                "time": 0.7,
                "x": 0,
                "y": 1.78
              }
            ],
            "scale": [
              {
                "time": 0,
                "x": 0.187,
                "y": 0.697,
                "curve": [
                  0.153,
                  0.52,
                  0.777,
                  0.55
                ]
              },
              {
                "time": 0.2,
                "x": 0.187,
                "y": 5.205,
                "curve": [
                  0.25,
                  0,
                  0.75,
                  1
                ]
              },
              {
                "time": 0.3667,
                "x": 0.187,
                "y": 0.201,
                "curve": [
                  0,
                  0.4,
                  0.375,
                  0.73
                ]
              },
              {
                "time": 0.4,
                "x": 2.351,
                "y": 0.344,
                "curve": [
                  0.217,
                  0.86,
                  0.783,
                  1
                ]
              },
              {
                "time": 0.5333,
                "x": 3.562,
                "y": 0.201,
                "curve": [
                  0.25,
                  0,
                  0.986,
                  0.03
                ]
              },
              {
                "time": 0.7,
                "x": 0.194,
                "y": 0.201
              },
              {
                "time": 0.7333,
                "x": 0.362,
                "y": 0.375
              }
            ]
          },
          "z": {
            "translate": [
              {
                "time": 0,
                "x": 0,
                "y": 0,
                "curve": "stepped"
              },
              {
                "time": 1.2667,
                "x": 0,
                "y": 0,
                "curve": [
                  0.417,
                  -0.01,
                  0.401,
                  1.01
                ]
              },
              {
                "time": 2.2333,
                "x": -183.4,
                "y": 0,
                "curve": "stepped"
              },
              {
                "time": 3.6667,
                "x": -183.4,
                "y": 0
              }
            ],
            "scale": [
              {
                "time": 0,
                "x": 0.88,
                "y": 0.917
              },
              {
                "time": 0.7667,
                "x": 0.196,
                "y": 0.115,
                "curve": [
                  0,
                  0.81,
                  0.75,
                  1
                ]
              },
              {
                "time": 0.9,
                "x": 0.77,
                "y": 0.779,
                "curve": [
                  0.25,
                  0,
                  0.75,
                  1
                ]
              },
              {
                "time": 1.0333,
                "x": 0.692,
                "y": 0.706,
                "curve": [
                  0.25,
                  0,
                  0.383,
                  0.96
                ]
              },
              {
                "time": 1.2667,
                "x": 0.697,
                "y": 0.726,
                "curve": [
                  0.635,
                  0,
                  0.88,
                  1
                ]
              },
              {
                "time": 2.2333,
                "x": 0.424,
                "y": 0.442
              }
            ]
          },
          "g": {
            "translate": [
              {
                "time": 0,
                "x": 0,
                "y": 72.67,
                "curve": "stepped"
              },
              {
                "time": 1.3333,
                "x": 0,
                "y": 72.67,
                "curve": "stepped"
              },
              {
                "time": 1.3667,
                "x": 0,
                "y": 72.67,
                "curve": [
                  0.396,
                  0.01,
                  0.338,
                  0.94
                ]
              },
              {
                "time": 2.2333,
                "x": -109.02,
                "y": 48.84
              }
            ],
            "scale": [
              {
                "time": 0,
                "x": 1.333,
                "y": 1.333,
                "curve": "stepped"
              },
              {
                "time": 1.3333,
                "x": 1.333,
                "y": 1.333,
                "curve": [
                  0.214,
                  -0.01,
                  0.62,
                  1
                ]
              },
              {
                "time": 2.2333,
                "x": 0.905,
                "y": 0.905
              }
            ]
          },
          "a": {
            "translate": [
              {
                "time": 0,
                "x": 0,
                "y": 62.95,
                "curve": "stepped"
              },
              {
                "time": 1.3333,
                "x": 0,
                "y": 62.95,
                "curve": [
                  0.25,
                  0,
                  0.75,
                  1
                ]
              },
              {
                "time": 2.2333,
                "x": -18.45,
                "y": 49.61
              }
            ],
            "scale": [
              {
                "time": 0,
                "x": 1.185,
                "y": 1.185,
                "curve": "stepped"
              },
              {
                "time": 1.3333,
                "x": 1.185,
                "y": 1.185,
                "curve": [
                  0.223,
                  0,
                  0.332,
                  1
                ]
              },
              {
                "time": 2.2333,
                "x": 0.921,
                "y": 0.921
              }
            ]
          },
          "m": {
            "translate": [
              {
                "time": 0,
                "x": 0,
                "y": 49.82,
                "curve": "stepped"
              },
              {
                "time": 1.3333,
                "x": 0,
                "y": 49.82,
                "curve": [
                  0.083,
                  0.52,
                  0.459,
                  0.93
                ]
              },
              {
                "time": 2.2333,
                "x": 96.44,
                "y": 49.08
              }
            ],
            "scale": [
              {
                "time": 0,
                "x": 0.946,
                "y": 0.946,
                "curve": "stepped"
              },
              {
                "time": 1.3333,
                "x": 0.946,
                "y": 0.946,
                "curve": [
                  0.111,
                  0.34,
                  0.75,
                  1
                ]
              },
              {
                "time": 1.6333,
                "x": 0.848,
                "y": 0.937,
                "curve": [
                  0.12,
                  0.75,
                  0.75,
                  1
                ]
              },
              {
                "time": 2.2333,
                "x": 0.919,
                "y": 0.919
              }
            ]
          },
          "e": {
            "translate": [
              {
                "time": 0,
                "x": 0,
                "y": 40.58,
                "curve": "stepped"
              },
              {
                "time": 1.3333,
                "x": 0,
                "y": 40.58,
                "curve": [
                  0,
                  0.38,
                  0.429,
                  1.01
                ]
              },
              {
                "time": 2.2667,
                "x": 177.23,
                "y": 48.56
              }
            ],
            "scale": [
              {
                "time": 0,
                "x": 0.763,
                "y": 0.763,
                "curve": "stepped"
              },
              {
                "time": 1.3333,
                "x": 0.763,
                "y": 0.763,
                "curve": [
                  0.477,
                  0,
                  0,
                  1.01
                ]
              },
              {
                "time": 2.4,
                "x": 0.92,
                "y": 0.92
              }
            ]
          },
          "zi": {
            "translate": [
              {
                "time": 0,
                "x": 0,
                "y": -11.82,
                "curve": "stepped"
              },
              {
                "time": 0.8,
                "x": 0,
                "y": -11.82,
                "curve": [
                  0.556,
                  -0.25,
                  0.465,
                  1
                ]
              },
              {
                "time": 2.2333,
                "x": 0,
                "y": -161.07
              }
            ],
            "scale": [
              {
                "time": 0,
                "x": 1.466,
                "y": 1.466,
                "curve": "stepped"
              },
              {
                "time": 0.7333,
                "x": 1.466,
                "y": 1.466,
                "curve": [
                  0.25,
                  0,
                  0.92,
                  0.44
                ]
              },
              {
                "time": 2.2333,
                "x": 1,
                "y": 1
              }
            ]
          },
          "bz": {
            "translate": [
              {
                "time": 0,
                "x": 482.89,
                "y": 78.74,
                "curve": "stepped"
              },
              {
                "time": 1.5,
                "x": 482.89,
                "y": 78.74,
                "curve": [
                  0.142,
                  0.73,
                  0.771,
                  0.97
                ]
              },
              {
                "time": 2,
                "x": 0,
                "y": 0
              }
            ],
            "scale": [
              {
                "time": 0,
                "x": 0.5,
                "y": 0.5,
                "curve": "stepped"
              },
              {
                "time": 1.5,
                "x": 0.5,
                "y": 0.5,
                "curve": [
                  0,
                  0.58,
                  0.75,
                  1
                ]
              },
              {
                "time": 2,
                "x": 1,
                "y": 1
              }
            ]
          },
          "bz2": {
            "translate": [
              {
                "time": 0,
                "x": -460.88,
                "y": 42.85,
                "curve": "stepped"
              },
              {
                "time": 1.5,
                "x": -460.88,
                "y": 42.85,
                "curve": [
                  0.164,
                  0.74,
                  0.777,
                  0.98
                ]
              },
              {
                "time": 2,
                "x": 0,
                "y": 0
              }
            ],
            "scale": [
              {
                "time": 0,
                "x": 0.5,
                "y": 0.5,
                "curve": "stepped"
              },
              {
                "time": 1.5,
                "x": 0.5,
                "y": 0.5,
                "curve": [
                  0,
                  0.66,
                  0.75,
                  1
                ]
              },
              {
                "time": 2,
                "x": 1,
                "y": 1
              }
            ]
          },
          "x1": {
            "translate": [
              {
                "time": 0,
                "x": 0,
                "y": -77.93,
                "curve": [
                  0,
                  0.83,
                  0.559,
                  0.98
                ]
              },
              {
                "time": 0.4333,
                "x": 0,
                "y": -26.37
              }
            ],
            "scale": [
              {
                "time": 0,
                "x": 1.3,
                "y": 1.3
              }
            ]
          },
          "dai": {
            "rotate": [
              {
                "time": 0,
                "angle": 0,
                "curve": "stepped"
              },
              {
                "time": 0.8,
                "angle": 40.48,
                "curve": "stepped"
              },
              {
                "time": 1.8333,
                "angle": 0
              }
            ],
            "translate": [
              {
                "time": 0,
                "x": 38.58,
                "y": 28.93,
                "curve": "stepped"
              },
              {
                "time": 0.4,
                "x": 38.58,
                "y": 28.93
              },
              {
                "time": 0.6,
                "x": 148.84,
                "y": 28.93,
                "curve": "stepped"
              },
              {
                "time": 0.8,
                "x": 29.66,
                "y": 41.91
              },
              {
                "time": 0.9333,
                "x": 114.91,
                "y": 124.6,
                "curve": "stepped"
              },
              {
                "time": 1.8333,
                "x": -5.64,
                "y": 28.93
              },
              {
                "time": 1.9667,
                "x": 103.61,
                "y": 28.93,
                "curve": "stepped"
              },
              {
                "time": 2.2,
                "x": -275.35,
                "y": -174,
                "curve": [
                  0.477,
                  0,
                  0.453,
                  1
                ]
              },
              {
                "time": 2.6667,
                "x": 240.81,
                "y": -174
              }
            ],
            "scale": [
              {
                "time": 0,
                "x": 0.076,
                "y": 1,
                "curve": "stepped"
              },
              {
                "time": 0.4,
                "x": 0.076,
                "y": 1
              },
              {
                "time": 0.5,
                "x": 0.306,
                "y": 1
              },
              {
                "time": 0.6,
                "x": 0.014,
                "y": 1,
                "curve": "stepped"
              },
              {
                "time": 0.8,
                "x": 0.076,
                "y": 1
              },
              {
                "time": 0.8667,
                "x": 0.255,
                "y": 1
              },
              {
                "time": 0.9333,
                "x": 0.014,
                "y": 1,
                "curve": "stepped"
              },
              {
                "time": 1.8333,
                "x": 0.076,
                "y": 1
              },
              {
                "time": 1.9,
                "x": 0.267,
                "y": 1
              },
              {
                "time": 1.9667,
                "x": 0.025,
                "y": 1,
                "curve": "stepped"
              },
              {
                "time": 2.2,
                "x": 0.025,
                "y": 1,
                "curve": [
                  0.684,
                  0,
                  0.779,
                  0.49
                ]
              },
              {
                "time": 2.4,
                "x": 1.01,
                "y": 1,
                "curve": [
                  0.25,
                  0,
                  0.608,
                  1
                ]
              },
              {
                "time": 2.6333,
                "x": 0.025,
                "y": 1
              }
            ]
          },
          "dai2": {
            "rotate": [
              {
                "time": 0,
                "angle": 0,
                "curve": "stepped"
              },
              {
                "time": 0.8333,
                "angle": -63.1,
                "curve": "stepped"
              },
              {
                "time": 1.8667,
                "angle": 0
              }
            ],
            "translate": [
              {
                "time": 0,
                "x": -37.85,
                "y": -8.7,
                "curve": "stepped"
              },
              {
                "time": 0.4333,
                "x": -37.85,
                "y": -8.7
              },
              {
                "time": 0.5667,
                "x": -170.44,
                "y": -8.7,
                "curve": "stepped"
              },
              {
                "time": 0.8333,
                "x": -97.77,
                "y": 122.63,
                "curve": [
                  0.02,
                  0.25,
                  0.68,
                  0.85
                ]
              },
              {
                "time": 1.0333,
                "x": -179.36,
                "y": 292.2,
                "curve": "stepped"
              },
              {
                "time": 1.8667,
                "x": 40.58,
                "y": 129.25
              },
              {
                "time": 2.0333,
                "x": -95.25,
                "y": 129.25
              }
            ],
            "scale": [
              {
                "time": 0,
                "x": 0.076,
                "y": 1,
                "curve": "stepped"
              },
              {
                "time": 0.4333,
                "x": 0.076,
                "y": 1
              },
              {
                "time": 0.5,
                "x": 0.306,
                "y": 1
              },
              {
                "time": 0.5667,
                "x": 0.014,
                "y": 1,
                "curve": "stepped"
              },
              {
                "time": 0.8333,
                "x": 0.076,
                "y": 1
              },
              {
                "time": 0.9333,
                "x": 0.367,
                "y": 1
              },
              {
                "time": 1.0333,
                "x": 0.014,
                "y": 1,
                "curve": "stepped"
              },
              {
                "time": 1.8667,
                "x": 0.076,
                "y": 1
              },
              {
                "time": 1.9333,
                "x": 0.306,
                "y": 1
              },
              {
                "time": 2.0333,
                "x": 0.045,
                "y": 1
              }
            ]
          },
          "x2": {
            "rotate": [
              {
                "time": 0,
                "angle": -57.45
              }
            ],
            "translate": [
              {
                "time": 0,
                "x": 153.37,
                "y": 34.09
              }
            ],
            "scale": [
              {
                "time": 0,
                "x": 1.13,
                "y": 1.13
              }
            ]
          },
          "x3": {
            "rotate": [
              {
                "time": 0,
                "angle": 40.86
              }
            ],
            "translate": [
              {
                "time": 0,
                "x": -131.14,
                "y": -4.99
              }
            ],
            "scale": [
              {
                "time": 0,
                "x": 0.9,
                "y": 0.9
              }
            ]
          },
          "quan": {
            "translate": [
              {
                "time": 0,
                "x": 55.5,
                "y": 19.92,
                "curve": "stepped"
              },
              {
                "time": 0.7333,
                "x": 28.46,
                "y": 21.34,
                "curve": [
                  0,
                  0.49,
                  0.75,
                  1
                ]
              },
              {
                "time": 1.2,
                "x": 266.1,
                "y": 182.14
              }
            ],
            "scale": [
              {
                "time": 0,
                "x": 0,
                "y": 0,
                "curve": "stepped"
              },
              {
                "time": 0.7333,
                "x": 0,
                "y": 0,
                "curve": [
                  0.004,
                  0.72,
                  0.75,
                  1
                ]
              },
              {
                "time": 1.2,
                "x": 1.3,
                "y": 1.3
              }
            ]
          },
          "sanjiao": {
            "rotate": [
              {
                "time": 0,
                "angle": 0,
                "curve": "stepped"
              },
              {
                "time": 0.7333,
                "angle": 0
              },
              {
                "time": 1.3333,
                "angle": 160.52
              }
            ],
            "translate": [
              {
                "time": 0,
                "x": 0,
                "y": 0,
                "curve": "stepped"
              },
              {
                "time": 0.7333,
                "x": 0,
                "y": 0,
                "curve": [
                  0.026,
                  0.72,
                  0.75,
                  1
                ]
              },
              {
                "time": 1.3,
                "x": -245.31,
                "y": 160.45
              }
            ],
            "scale": [
              {
                "time": 0,
                "x": 0.3,
                "y": 0.3,
                "curve": "stepped"
              },
              {
                "time": 0.7333,
                "x": 0.3,
                "y": 0.3,
                "curve": [
                  0.168,
                  0.33,
                  0.75,
                  1
                ]
              },
              {
                "time": 1.2667,
                "x": 1.2,
                "y": 1.2
              }
            ]
          }
        }
      }
    }
  },
  "_atlasText": "\r\nlogo.png\r\nsize: 512,512\r\nformat: RGBA8888\r\nfilter: Linear,Linear\r\nrepeat: none\r\nimages/a_00000_00000\r\n  rotate: false\r\n  xy: 8, 190\r\n  size: 98, 105\r\n  orig: 240, 240\r\n  offset: 71, 68\r\n  index: -1\r\nimages/biaozhi_00068\r\n  rotate: false\r\n  xy: 279, 429\r\n  size: 128, 72\r\n  orig: 600, 600\r\n  offset: 243, 266\r\n  index: -1\r\nimages/dai_00075\r\n  rotate: true\r\n  xy: 2, 21\r\n  size: 274, 4\r\n  orig: 319, 27\r\n  offset: 22, 11\r\n  index: -1\r\nimages/e_00000_00000\r\n  rotate: false\r\n  xy: 34, 83\r\n  size: 76, 105\r\n  orig: 240, 240\r\n  offset: 82, 68\r\n  index: -1\r\nimages/fangkuai_00021\r\n  rotate: false\r\n  xy: 108, 257\r\n  size: 37, 38\r\n  orig: 61, 63\r\n  offset: 12, 13\r\n  index: -1\r\nimages/g_00000_00000\r\n  rotate: true\r\n  xy: 159, 307\r\n  size: 87, 108\r\n  orig: 240, 240\r\n  offset: 76, 66\r\n  index: -1\r\nimages/m_00000_00000\r\n  rotate: false\r\n  xy: 159, 396\r\n  size: 118, 105\r\n  orig: 240, 240\r\n  offset: 61, 68\r\n  index: -1\r\nimages/quan_00029\r\n  rotate: false\r\n  xy: 422, 469\r\n  size: 32, 32\r\n  orig: 70, 71\r\n  offset: 18, 17\r\n  index: -1\r\nimages/sanjao_00029\r\n  rotate: true\r\n  xy: 34, 29\r\n  size: 27, 42\r\n  orig: 94, 88\r\n  offset: 31, 22\r\n  index: -1\r\nimages/x1/1x_00004\r\n  rotate: false\r\n  xy: 8, 21\r\n  size: 24, 167\r\n  orig: 600, 600\r\n  offset: 288, 154\r\n  index: -1\r\nimages/x1/1x_00006\r\n  rotate: true\r\n  xy: 279, 402\r\n  size: 25, 133\r\n  orig: 600, 600\r\n  offset: 288, 237\r\n  index: -1\r\nimages/x1/1x_00008\r\n  rotate: true\r\n  xy: 34, 58\r\n  size: 23, 74\r\n  orig: 600, 600\r\n  offset: 290, 296\r\n  index: -1\r\nimages/x1/1x_00010\r\n  rotate: false\r\n  xy: 269, 352\r\n  size: 8, 42\r\n  orig: 600, 600\r\n  offset: 305, 328\r\n  index: -1\r\nimages/x1/1x_00012\r\n  rotate: false\r\n  xy: 279, 381\r\n  size: 8, 19\r\n  orig: 600, 600\r\n  offset: 305, 351\r\n  index: -1\r\nimages/x2/2x_00024\r\n  rotate: false\r\n  xy: 409, 433\r\n  size: 11, 68\r\n  orig: 600, 600\r\n  offset: 296, 227\r\n  index: -1\r\nimages/x2/2x_00026\r\n  rotate: true\r\n  xy: 159, 287\r\n  size: 18, 106\r\n  orig: 600, 600\r\n  offset: 280, 312\r\n  index: -1\r\nimages/x2/2x_00028\r\n  rotate: false\r\n  xy: 108, 204\r\n  size: 13, 51\r\n  orig: 600, 600\r\n  offset: 280, 367\r\n  index: -1\r\nimages/x2/2x_00030\r\n  rotate: false\r\n  xy: 2, 2\r\n  size: 11, 17\r\n  orig: 600, 600\r\n  offset: 282, 401\r\n  index: -1\r\nimages/z_00000_00000\r\n  rotate: false\r\n  xy: 2, 297\r\n  size: 155, 204\r\n  orig: 600, 600\r\n  offset: 222, 198\r\n  index: -1\r\n",
  "textures": [
    {
      "__uuid__": "b4MyvgyE5Nup7OJhLoUSZB"
    }
  ],
  "textureNames": [
    "logo.png"
  ]
}