[
  {
    "__type__": "cc.SceneAsset",
    "_name": "GameScene",
    "scene": {
      "__id__": 1
    },
    "asyncLoadAssets": null
  },
  {
    "__type__": "cc.Scene",
    "_name": "New Node",
    "_children": [
      {
        "__id__": 2
      }
    ],
    "_active": false,
    "_anchorPoint": {
      "__type__": "cc.Vec2"
    },
    "autoReleaseAssets": false
  },
  {
    "__type__": "cc.Node",
    "_name": "Canvas",
    "_parent": {
      "__id__": 1
    },
    "_children": [
      {
        "__id__": 3
      },
      {
        "__id__": 4
      }
    ],
    "_level": 1,
    "_components": [
      {
        "__type__": "cc.Canvas",
        "node": {
          "__id__": 2
        },
        "_designResolution": {
          "__type__": "cc.Size",
          "width": 750,
          "height": 1334
        }
      },
      {
        "__type__": "e4611nzBqVO8YKrPLXLp1Ox",
        "node": {
          "__id__": 2
        },
        "debugBtn": {
          "__id__": 6
        }
      }
    ],
    "_contentSize": {
      "__type__": "cc.Size",
      "width": 750,
      "height": 1334
    },
    "_position": {
      "__type__": "cc.Vec3",
      "x": 375,
      "y": 667
    },
    "_id": "96xZla/yRFP6UepvhYhTx0"
  },
  {
    "__type__": "cc.Node",
    "_name": "Main Camera",
    "_parent": {
      "__id__": 2
    },
    "_level": 1,
    "_components": [
      {
        "__type__": "cc.Camera",
        "node": {
          "__id__": 3
        },
        "_clearFlags": 7,
        "_depth": -1
      }
    ],
    "_position": {
      "__type__": "cc.Vec3",
      "z": 503.14747938445356
    }
  },
  {
    "__type__": "cc.Node",
    "_name": "root",
    "_parent": {
      "__id__": 2
    },
    "_children": [
      {
        "__id__": 5
      },
      {
        "__id__": 6
      },
      {
        "__id__": 9
      },
      {
        "__id__": 12
      }
    ],
    "_level": 1,
    "_components": [
      {
        "__type__": "cc.Widget",
        "node": {
          "__id__": 4
        },
        "_alignFlags": 45
      }
    ],
    "_contentSize": {
      "__type__": "cc.Size",
      "width": 750,
      "height": 1334
    }
  },
  {
    "__type__": "cc.Node",
    "_name": "bg",
    "_parent": {
      "__id__": 4
    },
    "_level": 2,
    "_components": [
      {
        "__type__": "cc.Sprite",
        "node": {
          "__id__": 5
        },
        "_materials": [
          {
            "__uuid__": "ecpdLyjvZBwrvm+cedCcQy"
          }
        ],
        "_spriteFrame": {
          "__uuid__": "a2MjXRFdtLlYQ5ouAFv/+R"
        },
        "_sizeMode": 0
      },
      {
        "__type__": "cc.Widget",
        "node": {
          "__id__": 5
        },
        "_alignFlags": 45,
        "_originalWidth": 100,
        "_originalHeight": 100
      }
    ],
    "_opacity": 167,
    "_color": {
      "__type__": "cc.Color",
      "r": 201,
      "g": 170,
      "b": 170
    },
    "_contentSize": {
      "__type__": "cc.Size",
      "width": 750,
      "height": 1334
    }
  },
  {
    "__type__": "cc.Node",
    "_name": "debug",
    "_parent": {
      "__id__": 4
    },
    "_children": [
      {
        "__id__": 7
      }
    ],
    "_level": 2,
    "_components": [
      {
        "__type__": "cc.Widget",
        "node": {
          "__id__": 6
        },
        "_alignFlags": 32
      },
      {
        "__type__": "cab9bUXOXBDk6Oo/t2eesSG",
        "node": {
          "__id__": 6
        },
        "clickEvents": [
          {
            "__type__": "cc.ClickEvent",
            "target": {
              "__id__": 2
            },
            "_componentId": "e4611nzBqVO8YKrPLXLp1Ox",
            "handler": "debugCall"
          }
        ],
        "brightTargets": [
          {
            "__id__": 6
          }
        ]
      }
    ],
    "_opacity": 169,
    "_contentSize": {
      "__type__": "cc.Size",
      "width": 100,
      "height": 40
    },
    "_position": {
      "__type__": "cc.Vec3",
      "x": 325
    }
  },
  {
    "__type__": "cc.Node",
    "_name": "Background",
    "_parent": {
      "__id__": 6
    },
    "_children": [
      {
        "__id__": 8
      }
    ],
    "_level": 2,
    "_components": [
      {
        "__type__": "cc.Sprite",
        "node": {
          "__id__": 7
        },
        "_materials": [
          {
            "__uuid__": "ecpdLyjvZBwrvm+cedCcQy"
          }
        ],
        "_spriteFrame": {
          "__uuid__": "f0BIwQ8D5Ml7nTNQbh1YlS"
        },
        "_type": 1,
        "_sizeMode": 0
      },
      {
        "__type__": "cc.Widget",
        "node": {
          "__id__": 7
        },
        "alignMode": 0,
        "_alignFlags": 45,
        "_originalWidth": 100,
        "_originalHeight": 40
      }
    ],
    "_color": {
      "__type__": "cc.Color",
      "r": 65,
      "g": 57,
      "b": 57
    },
    "_contentSize": {
      "__type__": "cc.Size",
      "width": 100,
      "height": 40
    }
  },
  {
    "__type__": "cc.Node",
    "_name": "Label",
    "_parent": {
      "__id__": 7
    },
    "_level": 3,
    "_components": [
      {
        "__type__": "cc.Label",
        "node": {
          "__id__": 8
        },
        "_materials": [
          {
            "__uuid__": "ecpdLyjvZBwrvm+cedCcQy"
          }
        ],
        "_useOriginalSize": false,
        "_string": "Debug",
        "_N$string": "Debug",
        "_fontSize": 20,
        "_enableWrapText": false,
        "_N$horizontalAlign": 1,
        "_N$verticalAlign": 1,
        "_N$overflow": 1
      }
    ],
    "_contentSize": {
      "__type__": "cc.Size",
      "width": 100,
      "height": 40
    }
  },
  {
    "__type__": "cc.Node",
    "_name": "btnSetting",
    "_parent": {
      "__id__": 4
    },
    "_children": [
      {
        "__id__": 10
      }
    ],
    "_level": 2,
    "_components": [
      {
        "__type__": "cc.Widget",
        "node": {
          "__id__": 9
        },
        "_alignFlags": 32
      },
      {
        "__type__": "cab9bUXOXBDk6Oo/t2eesSG",
        "node": {
          "__id__": 9
        },
        "clickEvents": [
          {
            "__type__": "cc.ClickEvent",
            "target": {
              "__id__": 2
            },
            "_componentId": "e4611nzBqVO8YKrPLXLp1Ox",
            "handler": "settingCall"
          }
        ],
        "brightTargets": [
          {
            "__id__": 9
          }
        ]
      }
    ],
    "_opacity": 169,
    "_contentSize": {
      "__type__": "cc.Size",
      "width": 100,
      "height": 40
    },
    "_position": {
      "__type__": "cc.Vec3",
      "x": 325,
      "y": 63.772
    }
  },
  {
    "__type__": "cc.Node",
    "_name": "Background",
    "_parent": {
      "__id__": 9
    },
    "_children": [
      {
        "__id__": 11
      }
    ],
    "_level": 2,
    "_components": [
      {
        "__type__": "cc.Sprite",
        "node": {
          "__id__": 10
        },
        "_materials": [
          {
            "__uuid__": "ecpdLyjvZBwrvm+cedCcQy"
          }
        ],
        "_spriteFrame": {
          "__uuid__": "f0BIwQ8D5Ml7nTNQbh1YlS"
        },
        "_type": 1,
        "_sizeMode": 0
      },
      {
        "__type__": "cc.Widget",
        "node": {
          "__id__": 10
        },
        "alignMode": 0,
        "_alignFlags": 45,
        "_originalWidth": 100,
        "_originalHeight": 40
      }
    ],
    "_color": {
      "__type__": "cc.Color",
      "r": 65,
      "g": 57,
      "b": 57
    },
    "_contentSize": {
      "__type__": "cc.Size",
      "width": 100,
      "height": 40
    }
  },
  {
    "__type__": "cc.Node",
    "_name": "Label",
    "_parent": {
      "__id__": 10
    },
    "_level": 3,
    "_components": [
      {
        "__type__": "cc.Label",
        "node": {
          "__id__": 11
        },
        "_materials": [
          {
            "__uuid__": "ecpdLyjvZBwrvm+cedCcQy"
          }
        ],
        "_useOriginalSize": false,
        "_string": "Setting",
        "_N$string": "Setting",
        "_fontSize": 20,
        "_enableWrapText": false,
        "_N$horizontalAlign": 1,
        "_N$verticalAlign": 1,
        "_N$overflow": 1
      }
    ],
    "_contentSize": {
      "__type__": "cc.Size",
      "width": 100,
      "height": 40
    }
  },
  {
    "__type__": "cc.Node",
    "_name": "New Label",
    "_parent": {
      "__id__": 4
    },
    "_level": 2,
    "_components": [
      {
        "__type__": "cc.Label",
        "node": {
          "__id__": 12
        },
        "_materials": [
          {
            "__uuid__": "ecpdLyjvZBwrvm+cedCcQy"
          }
        ],
        "_useOriginalSize": false,
        "_string": "v1.1",
        "_N$string": "v1.1",
        "_N$horizontalAlign": 1,
        "_N$verticalAlign": 1
      }
    ],
    "_contentSize": {
      "__type__": "cc.Size",
      "width": 75.61,
      "height": 50.4
    },
    "_position": {
      "__type__": "cc.Vec3",
      "x": 14.608,
      "y": 43.172
    }
  }
]