[
  {
    "__type__": "cc.Prefab",
    "_name": "Switch",
    "data": {
      "__id__": 1
    }
  },
  {
    "__type__": "cc.Node",
    "_name": "Switch",
    "_children": [
      {
        "__id__": 2
      },
      {
        "__id__": 7
      }
    ],
    "_level": 1,
    "_components": [
      {
        "__type__": "5c214EcPrdAlL5yW61AqZqh",
        "node": {
          "__id__": 1
        },
        "bgOnSp": {
          "__id__": 4
        },
        "bgOffSp": {
          "__id__": 6
        },
        "barSp": {
          "__id__": 8
        }
      }
    ],
    "_prefab": {
      "__type__": "cc.PrefabInfo",
      "root": {
        "__id__": 1
      },
      "asset": {
        "__uuid__": "80r0YgRUtOh4rIYfFGhgSM"
      },
      "fileId": "c6tRK9/vZMJocCI24yjaZk"
    },
    "_contentSize": {
      "__type__": "cc.Size",
      "width": 120,
      "height": 60
    }
  },
  {
    "__type__": "cc.Node",
    "_name": "layout",
    "_parent": {
      "__id__": 1
    },
    "_children": [
      {
        "__id__": 3
      },
      {
        "__id__": 5
      }
    ],
    "_level": 6,
    "_components": [
      {
        "__type__": "cc.Layout",
        "node": {
          "__id__": 2
        },
        "_layoutSize": {
          "__type__": "cc.Size",
          "width": 120,
          "height": 60
        },
        "_resize": 1,
        "_N$layoutType": 1
      }
    ],
    "_prefab": {
      "__type__": "cc.PrefabInfo",
      "root": {
        "__id__": 1
      },
      "asset": {
        "__uuid__": "80r0YgRUtOh4rIYfFGhgSM"
      },
      "fileId": "57I3h6nklJW5Xk1KUvO1uZ"
    },
    "_contentSize": {
      "__type__": "cc.Size",
      "width": 120,
      "height": 60
    }
  },
  {
    "__type__": "cc.Node",
    "_name": "on",
    "_parent": {
      "__id__": 2
    },
    "_level": 7,
    "_components": [
      {
        "__id__": 4
      }
    ],
    "_prefab": {
      "__type__": "cc.PrefabInfo",
      "root": {
        "__id__": 1
      },
      "asset": {
        "__uuid__": "80r0YgRUtOh4rIYfFGhgSM"
      },
      "fileId": "40RVH1Zb9DNa4WS9osDAXW"
    },
    "_color": {
      "__type__": "cc.Color",
      "r": 54,
      "g": 204,
      "b": 16
    },
    "_contentSize": {
      "__type__": "cc.Size",
      "width": 60,
      "height": 50
    },
    "_position": {
      "__type__": "cc.Vec3",
      "x": -30
    }
  },
  {
    "__type__": "cc.Sprite",
    "node": {
      "__id__": 3
    },
    "_materials": [
      {
        "__uuid__": "ecpdLyjvZBwrvm+cedCcQy"
      }
    ],
    "_spriteFrame": {
      "__uuid__": "a2MjXRFdtLlYQ5ouAFv/+R"
    },
    "_sizeMode": 0
  },
  {
    "__type__": "cc.Node",
    "_name": "off",
    "_parent": {
      "__id__": 2
    },
    "_level": 7,
    "_components": [
      {
        "__id__": 6
      }
    ],
    "_prefab": {
      "__type__": "cc.PrefabInfo",
      "root": {
        "__id__": 1
      },
      "asset": {
        "__uuid__": "80r0YgRUtOh4rIYfFGhgSM"
      },
      "fileId": "eerJk9zABJO53Ui5njLeT5"
    },
    "_color": {
      "__type__": "cc.Color",
      "r": 248,
      "g": 18,
      "b": 64
    },
    "_contentSize": {
      "__type__": "cc.Size",
      "width": 60,
      "height": 50
    },
    "_position": {
      "__type__": "cc.Vec3",
      "x": 30
    }
  },
  {
    "__type__": "cc.Sprite",
    "node": {
      "__id__": 5
    },
    "_materials": [
      {
        "__uuid__": "ecpdLyjvZBwrvm+cedCcQy"
      }
    ],
    "_spriteFrame": {
      "__uuid__": "a2MjXRFdtLlYQ5ouAFv/+R"
    },
    "_sizeMode": 0
  },
  {
    "__type__": "cc.Node",
    "_name": "bar",
    "_parent": {
      "__id__": 1
    },
    "_level": 6,
    "_components": [
      {
        "__id__": 8
      }
    ],
    "_prefab": {
      "__type__": "cc.PrefabInfo",
      "root": {
        "__id__": 1
      },
      "asset": {
        "__uuid__": "80r0YgRUtOh4rIYfFGhgSM"
      },
      "fileId": "08gpYijPtMxp6budzRykcq"
    },
    "_contentSize": {
      "__type__": "cc.Size",
      "width": 60,
      "height": 50
    },
    "_position": {
      "__type__": "cc.Vec3",
      "x": 30
    }
  },
  {
    "__type__": "cc.Sprite",
    "node": {
      "__id__": 7
    },
    "_materials": [
      {
        "__uuid__": "ecpdLyjvZBwrvm+cedCcQy"
      }
    ],
    "_spriteFrame": {
      "__uuid__": "a2MjXRFdtLlYQ5ouAFv/+R"
    },
    "_sizeMode": 0
  }
]