{
  "__type__": "cc.JsonAsset",
  "_name": "coinsUpData",
  "json": [
    {
      "level": "1",
      "gold": "3",
      "price": "216"
    },
    {
      "level": "2",
      "gold": "6",
      "price": "232"
    },
    {
      "level": "3",
      "gold": "9",
      "price": "249"
    },
    {
      "level": "4",
      "gold": "12",
      "price": "267"
    },
    {
      "level": "5",
      "gold": "15",
      "price": "286"
    },
    {
      "level": "6",
      "gold": "18",
      "price": "306"
    },
    {
      "level": "7",
      "gold": "21",
      "price": "328"
    },
    {
      "level": "8",
      "gold": "24",
      "price": "352"
    },
    {
      "level": "9",
      "gold": "27",
      "price": "377"
    },
    {
      "level": "10",
      "gold": "30",
      "price": "1404"
    },
    {
      "level": "11",
      "gold": "33",
      "price": "1433"
    },
    {
      "level": "12",
      "gold": "36",
      "price": "1464"
    },
    {
      "level": "13",
      "gold": "39",
      "price": "1497"
    },
    {
      "level": "14",
      "gold": "42",
      "price": "1533"
    },
    {
      "level": "15",
      "gold": "45",
      "price": "1571"
    },
    {
      "level": "16",
      "gold": "48",
      "price": "1612"
    },
    {
      "level": "17",
      "gold": "51",
      "price": "1656"
    },
    {
      "level": "18",
      "gold": "54",
      "price": "1703"
    },
    {
      "level": "19",
      "gold": "57",
      "price": "1754"
    },
    {
      "level": "20",
      "gold": "60",
      "price": "1808"
    },
    {
      "level": "21",
      "gold": "63",
      "price": "1866"
    },
    {
      "level": "22",
      "gold": "66",
      "price": "1928"
    },
    {
      "level": "23",
      "gold": "69",
      "price": "1995"
    },
    {
      "level": "24",
      "gold": "72",
      "price": "2066"
    },
    {
      "level": "25",
      "gold": "75",
      "price": "2143"
    },
    {
      "level": "26",
      "gold": "78",
      "price": "2225"
    },
    {
      "level": "27",
      "gold": "81",
      "price": "2313"
    },
    {
      "level": "28",
      "gold": "84",
      "price": "2407"
    },
    {
      "level": "29",
      "gold": "87",
      "price": "2508"
    },
    {
      "level": "30",
      "gold": "90",
      "price": "3616"
    },
    {
      "level": "31",
      "gold": "93",
      "price": "3732"
    },
    {
      "level": "32",
      "gold": "96",
      "price": "3856"
    },
    {
      "level": "33",
      "gold": "99",
      "price": "3990"
    },
    {
      "level": "34",
      "gold": "102",
      "price": "4132"
    },
    {
      "level": "35",
      "gold": "105",
      "price": "4285"
    },
    {
      "level": "36",
      "gold": "108",
      "price": "4449"
    },
    {
      "level": "37",
      "gold": "111",
      "price": "4625"
    },
    {
      "level": "38",
      "gold": "114",
      "price": "4814"
    },
    {
      "level": "39",
      "gold": "117",
      "price": "5016"
    },
    {
      "level": "40",
      "gold": "120",
      "price": "5232"
    },
    {
      "level": "41",
      "gold": "123",
      "price": "5464"
    },
    {
      "level": "42",
      "gold": "126",
      "price": "5713"
    },
    {
      "level": "43",
      "gold": "129",
      "price": "5979"
    },
    {
      "level": "44",
      "gold": "132",
      "price": "6265"
    },
    {
      "level": "45",
      "gold": "135",
      "price": "6571"
    },
    {
      "level": "46",
      "gold": "138",
      "price": "6899"
    },
    {
      "level": "47",
      "gold": "141",
      "price": "7250"
    },
    {
      "level": "48",
      "gold": "144",
      "price": "7627"
    },
    {
      "level": "49",
      "gold": "147",
      "price": "8031"
    },
    {
      "level": "50",
      "gold": "150",
      "price": "9464"
    },
    {
      "level": "51",
      "gold": "153",
      "price": "9928"
    },
    {
      "level": "52",
      "gold": "156",
      "price": "10425"
    },
    {
      "level": "53",
      "gold": "159",
      "price": "10958"
    },
    {
      "level": "54",
      "gold": "162",
      "price": "11529"
    },
    {
      "level": "55",
      "gold": "165",
      "price": "12141"
    },
    {
      "level": "56",
      "gold": "168",
      "price": "12798"
    },
    {
      "level": "57",
      "gold": "171",
      "price": "13501"
    },
    {
      "level": "58",
      "gold": "174",
      "price": "14254"
    },
    {
      "level": "59",
      "gold": "177",
      "price": "15062"
    },
    {
      "level": "60",
      "gold": "180",
      "price": "15928"
    },
    {
      "level": "61",
      "gold": "183",
      "price": "16856"
    },
    {
      "level": "62",
      "gold": "186",
      "price": "17850"
    },
    {
      "level": "63",
      "gold": "189",
      "price": "18916"
    },
    {
      "level": "64",
      "gold": "192",
      "price": "20059"
    },
    {
      "level": "65",
      "gold": "195",
      "price": "21283"
    },
    {
      "level": "66",
      "gold": "198",
      "price": "22595"
    },
    {
      "level": "67",
      "gold": "201",
      "price": "24002"
    },
    {
      "level": "68",
      "gold": "204",
      "price": "25509"
    },
    {
      "level": "69",
      "gold": "207",
      "price": "27125"
    },
    {
      "level": "70",
      "gold": "210",
      "price": "29856"
    },
    {
      "level": "71",
      "gold": "213",
      "price": "31712"
    },
    {
      "level": "72",
      "gold": "216",
      "price": "33701"
    },
    {
      "level": "73",
      "gold": "219",
      "price": "35832"
    },
    {
      "level": "74",
      "gold": "222",
      "price": "38117"
    },
    {
      "level": "75",
      "gold": "225",
      "price": "40566"
    },
    {
      "level": "76",
      "gold": "228",
      "price": "43190"
    },
    {
      "level": "77",
      "gold": "231",
      "price": "46003"
    },
    {
      "level": "78",
      "gold": "234",
      "price": "49018"
    },
    {
      "level": "79",
      "gold": "237",
      "price": "52249"
    },
    {
      "level": "80",
      "gold": "240",
      "price": "55712"
    },
    {
      "level": "81",
      "gold": "243",
      "price": "59424"
    },
    {
      "level": "82",
      "gold": "246",
      "price": "63401"
    },
    {
      "level": "83",
      "gold": "249",
      "price": "67665"
    },
    {
      "level": "84",
      "gold": "252",
      "price": "72234"
    },
    {
      "level": "85",
      "gold": "255",
      "price": "77132"
    },
    {
      "level": "86",
      "gold": "258",
      "price": "82381"
    },
    {
      "level": "87",
      "gold": "261",
      "price": "88006"
    },
    {
      "level": "88",
      "gold": "264",
      "price": "94036"
    },
    {
      "level": "89",
      "gold": "267",
      "price": "100498"
    },
    {
      "level": "90",
      "gold": "270",
      "price": "108424"
    },
    {
      "level": "91",
      "gold": "273",
      "price": "115847"
    },
    {
      "level": "92",
      "gold": "276",
      "price": "123803"
    },
    {
      "level": "93",
      "gold": "279",
      "price": "132330"
    },
    {
      "level": "94",
      "gold": "282",
      "price": "141469"
    },
    {
      "level": "95",
      "gold": "285",
      "price": "151264"
    },
    {
      "level": "96",
      "gold": "288",
      "price": "161761"
    },
    {
      "level": "97",
      "gold": "291",
      "price": "173013"
    },
    {
      "level": "98",
      "gold": "294",
      "price": "185072"
    },
    {
      "level": "99",
      "gold": "297",
      "price": "197996"
    },
    {
      "level": "100",
      "gold": "300",
      "price": "211848"
    },
    {
      "level": "101",
      "gold": "303",
      "price": "226694"
    },
    {
      "level": "102",
      "gold": "306",
      "price": "242606"
    },
    {
      "level": "103",
      "gold": "309",
      "price": "259660"
    },
    {
      "level": "104",
      "gold": "312",
      "price": "277938"
    },
    {
      "level": "105",
      "gold": "315",
      "price": "297527"
    },
    {
      "level": "106",
      "gold": "318",
      "price": "318523"
    },
    {
      "level": "107",
      "gold": "321",
      "price": "341026"
    },
    {
      "level": "108",
      "gold": "324",
      "price": "365143"
    },
    {
      "level": "109",
      "gold": "327",
      "price": "390992"
    },
    {
      "level": "110",
      "gold": "330",
      "price": "419696"
    },
    {
      "level": "111",
      "gold": "333",
      "price": "449388"
    },
    {
      "level": "112",
      "gold": "336",
      "price": "481212"
    },
    {
      "level": "113",
      "gold": "339",
      "price": "515320"
    },
    {
      "level": "114",
      "gold": "342",
      "price": "551875"
    },
    {
      "level": "115",
      "gold": "345",
      "price": "591054"
    },
    {
      "level": "116",
      "gold": "348",
      "price": "633046"
    },
    {
      "level": "117",
      "gold": "351",
      "price": "678051"
    },
    {
      "level": "118",
      "gold": "354",
      "price": "726287"
    },
    {
      "level": "119",
      "gold": "357",
      "price": "777984"
    },
    {
      "level": "120",
      "gold": "360",
      "price": "833392"
    },
    {
      "level": "121",
      "gold": "363",
      "price": "892777"
    },
    {
      "level": "122",
      "gold": "366",
      "price": "956424"
    },
    {
      "level": "123",
      "gold": "369",
      "price": "1024639"
    },
    {
      "level": "124",
      "gold": "372",
      "price": "1097750"
    },
    {
      "level": "125",
      "gold": "375",
      "price": "1176109"
    },
    {
      "level": "126",
      "gold": "378",
      "price": "1260092"
    },
    {
      "level": "127",
      "gold": "381",
      "price": "1350102"
    },
    {
      "level": "128",
      "gold": "384",
      "price": "1446573"
    },
    {
      "level": "129",
      "gold": "387",
      "price": "1549968"
    },
    {
      "level": "130",
      "gold": "390",
      "price": "1661784"
    },
    {
      "level": "131",
      "gold": "393",
      "price": "1780554"
    },
    {
      "level": "132",
      "gold": "396",
      "price": "1907848"
    },
    {
      "level": "133",
      "gold": "399",
      "price": "2044278"
    },
    {
      "level": "134",
      "gold": "402",
      "price": "2190501"
    },
    {
      "level": "135",
      "gold": "405",
      "price": "2347218"
    },
    {
      "level": "136",
      "gold": "408",
      "price": "2515184"
    },
    {
      "level": "137",
      "gold": "411",
      "price": "2695205"
    },
    {
      "level": "138",
      "gold": "414",
      "price": "2888146"
    },
    {
      "level": "139",
      "gold": "417",
      "price": "3094936"
    },
    {
      "level": "140",
      "gold": "420",
      "price": "3316568"
    },
    {
      "level": "141",
      "gold": "423",
      "price": "3554107"
    },
    {
      "level": "142",
      "gold": "426",
      "price": "3808695"
    },
    {
      "level": "143",
      "gold": "429",
      "price": "4081556"
    },
    {
      "level": "144",
      "gold": "432",
      "price": "4374001"
    },
    {
      "level": "145",
      "gold": "435",
      "price": "4687436"
    },
    {
      "level": "146",
      "gold": "438",
      "price": "5023367"
    },
    {
      "level": "147",
      "gold": "441",
      "price": "5383409"
    },
    {
      "level": "148",
      "gold": "444",
      "price": "5769293"
    },
    {
      "level": "149",
      "gold": "447",
      "price": "6182872"
    },
    {
      "level": "150",
      "gold": "450",
      "price": "6627136"
    },
    {
      "level": "151",
      "gold": "453",
      "price": "7102214"
    },
    {
      "level": "152",
      "gold": "456",
      "price": "7611391"
    },
    {
      "level": "153",
      "gold": "459",
      "price": "8157112"
    },
    {
      "level": "154",
      "gold": "462",
      "price": "8742002"
    },
    {
      "level": "155",
      "gold": "465",
      "price": "9368872"
    },
    {
      "level": "156",
      "gold": "468",
      "price": "10040734"
    },
    {
      "level": "157",
      "gold": "471",
      "price": "10760818"
    },
    {
      "level": "158",
      "gold": "474",
      "price": "11532585"
    },
    {
      "level": "159",
      "gold": "477",
      "price": "12359745"
    },
    {
      "level": "160",
      "gold": "480",
      "price": "13246272"
    },
    {
      "level": "161",
      "gold": "483",
      "price": "14196429"
    },
    {
      "level": "162",
      "gold": "486",
      "price": "15214781"
    },
    {
      "level": "163",
      "gold": "489",
      "price": "16306225"
    },
    {
      "level": "164",
      "gold": "492",
      "price": "17476005"
    },
    {
      "level": "165",
      "gold": "495",
      "price": "18729744"
    },
    {
      "level": "166",
      "gold": "498",
      "price": "20073468"
    },
    {
      "level": "167",
      "gold": "501",
      "price": "21513636"
    },
    {
      "level": "168",
      "gold": "504",
      "price": "23057170"
    },
    {
      "level": "169",
      "gold": "507",
      "price": "24711489"
    },
    {
      "level": "170",
      "gold": "510",
      "price": "26485544"
    },
    {
      "level": "171",
      "gold": "513",
      "price": "28385857"
    },
    {
      "level": "172",
      "gold": "516",
      "price": "30422563"
    },
    {
      "level": "173",
      "gold": "519",
      "price": "32605449"
    },
    {
      "level": "174",
      "gold": "522",
      "price": "34945009"
    },
    {
      "level": "175",
      "gold": "525",
      "price": "37452488"
    },
    {
      "level": "176",
      "gold": "528",
      "price": "40139936"
    },
    {
      "level": "177",
      "gold": "531",
      "price": "43020273"
    },
    {
      "level": "178",
      "gold": "534",
      "price": "46107341"
    },
    {
      "level": "179",
      "gold": "537",
      "price": "49415978"
    },
    {
      "level": "180",
      "gold": "540",
      "price": "52962088"
    },
    {
      "level": "181",
      "gold": "543",
      "price": "56762714"
    },
    {
      "level": "182",
      "gold": "546",
      "price": "60836125"
    },
    {
      "level": "183",
      "gold": "549",
      "price": "65201898"
    },
    {
      "level": "184",
      "gold": "552",
      "price": "69881019"
    },
    {
      "level": "185",
      "gold": "555",
      "price": "74895975"
    },
    {
      "level": "186",
      "gold": "558",
      "price": "80270873"
    },
    {
      "level": "187",
      "gold": "561",
      "price": "86031545"
    },
    {
      "level": "188",
      "gold": "564",
      "price": "92205681"
    },
    {
      "level": "189",
      "gold": "567",
      "price": "98822956"
    },
    {
      "level": "190",
      "gold": "570",
      "price": "105916176"
    },
    {
      "level": "191",
      "gold": "573",
      "price": "113517429"
    },
    {
      "level": "192",
      "gold": "576",
      "price": "121664250"
    },
    {
      "level": "193",
      "gold": "579",
      "price": "130395797"
    },
    {
      "level": "194",
      "gold": "582",
      "price": "139754037"
    },
    {
      "level": "195",
      "gold": "585",
      "price": "149783950"
    },
    {
      "level": "196",
      "gold": "588",
      "price": "160533745"
    },
    {
      "level": "197",
      "gold": "591",
      "price": "172055090"
    },
    {
      "level": "198",
      "gold": "594",
      "price": "184403362"
    },
    {
      "level": "199",
      "gold": "597",
      "price": "197637912"
    },
    {
      "level": "200",
      "gold": "600",
      "price": "211822352"
    },
    {
      "level": "201",
      "gold": "603",
      "price": "227024858"
    },
    {
      "level": "202",
      "gold": "606",
      "price": "243318500"
    },
    {
      "level": "203",
      "gold": "609",
      "price": "260781594"
    },
    {
      "level": "204",
      "gold": "612",
      "price": "279498074"
    },
    {
      "level": "205",
      "gold": "615",
      "price": "299557901"
    },
    {
      "level": "206",
      "gold": "618",
      "price": "321057491"
    },
    {
      "level": "207",
      "gold": "621",
      "price": "344100181"
    },
    {
      "level": "208",
      "gold": "624",
      "price": "368796725"
    },
    {
      "level": "209",
      "gold": "627",
      "price": "395265825"
    },
    {
      "level": "210",
      "gold": "630",
      "price": "423635704"
    },
    {
      "level": "211",
      "gold": "633",
      "price": "454040716"
    },
    {
      "level": "212",
      "gold": "636",
      "price": "486628001"
    },
    {
      "level": "213",
      "gold": "639",
      "price": "521554188"
    },
    {
      "level": "214",
      "gold": "642",
      "price": "558987148"
    },
    {
      "level": "215",
      "gold": "645",
      "price": "599106802"
    },
    {
      "level": "216",
      "gold": "648",
      "price": "642105982"
    },
    {
      "level": "217",
      "gold": "651",
      "price": "688191362"
    },
    {
      "level": "218",
      "gold": "654",
      "price": "737584449"
    },
    {
      "level": "219",
      "gold": "657",
      "price": "790522650"
    },
    {
      "level": "220",
      "gold": "660",
      "price": "847260408"
    },
    {
      "level": "221",
      "gold": "663",
      "price": "908070432"
    },
    {
      "level": "222",
      "gold": "666",
      "price": "973245001"
    },
    {
      "level": "223",
      "gold": "669",
      "price": "1043097375"
    },
    {
      "level": "224",
      "gold": "672",
      "price": "1117963296"
    },
    {
      "level": "225",
      "gold": "675",
      "price": "1198202604"
    },
    {
      "level": "226",
      "gold": "678",
      "price": "1284200964"
    },
    {
      "level": "227",
      "gold": "681",
      "price": "1376371724"
    },
    {
      "level": "228",
      "gold": "684",
      "price": "1475157899"
    },
    {
      "level": "229",
      "gold": "687",
      "price": "1581034299"
    },
    {
      "level": "230",
      "gold": "690",
      "price": "1694510816"
    },
    {
      "level": "231",
      "gold": "693",
      "price": "1816130863"
    },
    {
      "level": "232",
      "gold": "696",
      "price": "1946480002"
    },
    {
      "level": "233",
      "gold": "699",
      "price": "2086184751"
    },
    {
      "level": "234",
      "gold": "702",
      "price": "2235916593"
    },
    {
      "level": "235",
      "gold": "705",
      "price": "2396395207"
    },
    {
      "level": "236",
      "gold": "708",
      "price": "2568391927"
    },
    {
      "level": "237",
      "gold": "711",
      "price": "2752733448"
    },
    {
      "level": "238",
      "gold": "714",
      "price": "2950305798"
    },
    {
      "level": "239",
      "gold": "717",
      "price": "3162058599"
    },
    {
      "level": "240",
      "gold": "720",
      "price": "3389009632"
    },
    {
      "level": "241",
      "gold": "723",
      "price": "3632249727"
    },
    {
      "level": "242",
      "gold": "726",
      "price": "3892948005"
    },
    {
      "level": "243",
      "gold": "729",
      "price": "4172357501"
    },
    {
      "level": "244",
      "gold": "732",
      "price": "4471821185"
    },
    {
      "level": "245",
      "gold": "735",
      "price": "4792778414"
    },
    {
      "level": "246",
      "gold": "738",
      "price": "5136771855"
    },
    {
      "level": "247",
      "gold": "741",
      "price": "5505454896"
    },
    {
      "level": "248",
      "gold": "744",
      "price": "5900599595"
    },
    {
      "level": "249",
      "gold": "747",
      "price": "6324105198"
    },
    {
      "level": "250",
      "gold": "750",
      "price": "6778008264"
    },
    {
      "level": "251",
      "gold": "753",
      "price": "7264488453"
    },
    {
      "level": "252",
      "gold": "756",
      "price": "7785885010"
    },
    {
      "level": "253",
      "gold": "759",
      "price": "8344704003"
    },
    {
      "level": "254",
      "gold": "762",
      "price": "8943631370"
    },
    {
      "level": "255",
      "gold": "765",
      "price": "9585545828"
    },
    {
      "level": "256",
      "gold": "768",
      "price": "10273532709"
    },
    {
      "level": "257",
      "gold": "771",
      "price": "11010898791"
    },
    {
      "level": "258",
      "gold": "774",
      "price": "11801188190"
    },
    {
      "level": "259",
      "gold": "777",
      "price": "12648199396"
    },
    {
      "level": "260",
      "gold": "780",
      "price": "13556003528"
    },
    {
      "level": "261",
      "gold": "783",
      "price": "14528963906"
    },
    {
      "level": "262",
      "gold": "786",
      "price": "15571757020"
    },
    {
      "level": "263",
      "gold": "789",
      "price": "16689395006"
    },
    {
      "level": "264",
      "gold": "792",
      "price": "17887249740"
    },
    {
      "level": "265",
      "gold": "795",
      "price": "19171078656"
    },
    {
      "level": "266",
      "gold": "798",
      "price": "20547052419"
    },
    {
      "level": "267",
      "gold": "801",
      "price": "22021784583"
    },
    {
      "level": "268",
      "gold": "804",
      "price": "23602363380"
    },
    {
      "level": "269",
      "gold": "807",
      "price": "25296385791"
    },
    {
      "level": "270",
      "gold": "810",
      "price": "27111995056"
    },
    {
      "level": "271",
      "gold": "813",
      "price": "29057915813"
    },
    {
      "level": "272",
      "gold": "816",
      "price": "31143502040"
    },
    {
      "level": "273",
      "gold": "819",
      "price": "33378778012"
    },
    {
      "level": "274",
      "gold": "822",
      "price": "35774487480"
    },
    {
      "level": "275",
      "gold": "825",
      "price": "38342145312"
    },
    {
      "level": "276",
      "gold": "828",
      "price": "41094092837"
    },
    {
      "level": "277",
      "gold": "831",
      "price": "44043557165"
    },
    {
      "level": "278",
      "gold": "834",
      "price": "47204714761"
    },
    {
      "level": "279",
      "gold": "837",
      "price": "50592759582"
    },
    {
      "level": "280",
      "gold": "840",
      "price": "54223976112"
    },
    {
      "level": "281",
      "gold": "843",
      "price": "58115817625"
    },
    {
      "level": "282",
      "gold": "846",
      "price": "62286990079"
    },
    {
      "level": "283",
      "gold": "849",
      "price": "66757542024"
    },
    {
      "level": "284",
      "gold": "852",
      "price": "71548960960"
    },
    {
      "level": "285",
      "gold": "855",
      "price": "76684276624"
    },
    {
      "level": "286",
      "gold": "858",
      "price": "82188171675"
    },
    {
      "level": "287",
      "gold": "861",
      "price": "88087100331"
    },
    {
      "level": "288",
      "gold": "864",
      "price": "94409415521"
    },
    {
      "level": "289",
      "gold": "867",
      "price": "101185505165"
    },
    {
      "level": "290",
      "gold": "870",
      "price": "108447939224"
    },
    {
      "level": "291",
      "gold": "873",
      "price": "116231622250"
    },
    {
      "level": "292",
      "gold": "876",
      "price": "124573967159"
    },
    {
      "level": "293",
      "gold": "879",
      "price": "133515071047"
    },
    {
      "level": "294",
      "gold": "882",
      "price": "143097908920"
    },
    {
      "level": "295",
      "gold": "885",
      "price": "153368540249"
    },
    {
      "level": "296",
      "gold": "888",
      "price": "164376330350"
    },
    {
      "level": "297",
      "gold": "891",
      "price": "176174187662"
    },
    {
      "level": "298",
      "gold": "894",
      "price": "188818818043"
    },
    {
      "level": "299",
      "gold": "897",
      "price": "202370997329"
    },
    {
      "level": "300",
      "gold": "900",
      "price": "216895863448"
    }
  ]
}