[
  {
    "__type__": "cc.Prefab",
    "_name": "Alert",
    "data": {
      "__id__": 1
    }
  },
  {
    "__type__": "cc.Node",
    "_name": "Alert",
    "_children": [
      {
        "__id__": 2
      }
    ],
    "_level": 1,
    "_components": [
      {
        "__type__": "cc.Widget",
        "node": {
          "__id__": 1
        },
        "_alignFlags": 45
      },
      {
        "__type__": "9f8e868rNBKE7k8hoS6RoAS",
        "node": {
          "__id__": 1
        },
        "okBtn": {
          "__id__": 10
        },
        "cancleBtn": {
          "__id__": 7
        },
        "contentLabel": {
          "__id__": 5
        }
      }
    ],
    "_prefab": {
      "__type__": "cc.PrefabInfo",
      "root": {
        "__id__": 1
      },
      "asset": {
        "__uuid__": "09vYdu6z9OGpDgJv5bIkuK"
      },
      "fileId": "55TmwQjytAspT3KQQTw8cm"
    },
    "_contentSize": {
      "__type__": "cc.Size",
      "width": 750,
      "height": 1334
    },
    "_position": {
      "__type__": "cc.Vec3",
      "x": 375,
      "y": 667
    }
  },
  {
    "__type__": "cc.Node",
    "_name": "root",
    "_parent": {
      "__id__": 1
    },
    "_children": [
      {
        "__id__": 3
      }
    ],
    "_level": 2,
    "_components": [
      {
        "__type__": "cc.Widget",
        "node": {
          "__id__": 2
        },
        "_alignFlags": 45
      },
      {
        "__type__": "cc.BlockInputEvents",
        "node": {
          "__id__": 2
        }
      }
    ],
    "_prefab": {
      "__type__": "cc.PrefabInfo",
      "root": {
        "__id__": 1
      },
      "asset": {
        "__uuid__": "09vYdu6z9OGpDgJv5bIkuK"
      },
      "fileId": "dcHOYxANhHpI7ajeVc0Ssz"
    },
    "_contentSize": {
      "__type__": "cc.Size",
      "width": 750,
      "height": 1334
    }
  },
  {
    "__type__": "cc.Node",
    "_name": "bg",
    "_parent": {
      "__id__": 2
    },
    "_children": [
      {
        "__id__": 4
      },
      {
        "__id__": 6
      }
    ],
    "_level": 3,
    "_components": [
      {
        "__type__": "cc.Sprite",
        "node": {
          "__id__": 3
        },
        "_materials": [
          {
            "__uuid__": "ecpdLyjvZBwrvm+cedCcQy"
          }
        ],
        "_spriteFrame": {
          "__uuid__": "a2MjXRFdtLlYQ5ouAFv/+R"
        },
        "_sizeMode": 0
      }
    ],
    "_prefab": {
      "__type__": "cc.PrefabInfo",
      "root": {
        "__id__": 1
      },
      "asset": {
        "__uuid__": "09vYdu6z9OGpDgJv5bIkuK"
      },
      "fileId": "dfW+o6IptLqI4kKJnuCBXO"
    },
    "_color": {
      "__type__": "cc.Color",
      "r": 49,
      "g": 131,
      "b": 156
    },
    "_contentSize": {
      "__type__": "cc.Size",
      "width": 550,
      "height": 400
    }
  },
  {
    "__type__": "cc.Node",
    "_name": "content",
    "_parent": {
      "__id__": 3
    },
    "_level": 4,
    "_components": [
      {
        "__id__": 5
      }
    ],
    "_prefab": {
      "__type__": "cc.PrefabInfo",
      "root": {
        "__id__": 1
      },
      "asset": {
        "__uuid__": "09vYdu6z9OGpDgJv5bIkuK"
      },
      "fileId": "b8axLm5ZFLP5Hg/MA7/ORx"
    },
    "_contentSize": {
      "__type__": "cc.Size",
      "width": 810,
      "height": 44.1
    },
    "_position": {
      "__type__": "cc.Vec3",
      "x": -1.56,
      "y": 43.692
    }
  },
  {
    "__type__": "cc.Label",
    "node": {
      "__id__": 4
    },
    "_materials": [
      {
        "__uuid__": "ecpdLyjvZBwrvm+cedCcQy"
      }
    ],
    "_useOriginalSize": false,
    "_string": "这是提示框啊提示框这是提示框啊提示框这是提示框啊提示框",
    "_N$string": "这是提示框啊提示框这是提示框啊提示框这是提示框啊提示框",
    "_fontSize": 30,
    "_lineHeight": 35,
    "_N$file": {
      "__uuid__": "00oFA5Im5MmJKMlP0KWGno"
    },
    "_isSystemFontUsed": false,
    "_N$horizontalAlign": 1,
    "_N$verticalAlign": 1
  },
  {
    "__type__": "cc.Node",
    "_name": "btnLayout",
    "_parent": {
      "__id__": 3
    },
    "_children": [
      {
        "__id__": 7
      },
      {
        "__id__": 10
      }
    ],
    "_level": 4,
    "_components": [
      {
        "__type__": "cc.Layout",
        "node": {
          "__id__": 6
        },
        "_layoutSize": {
          "__type__": "cc.Size",
          "width": 260,
          "height": 80
        },
        "_resize": 1,
        "_N$layoutType": 1,
        "_N$spacingX": 60
      }
    ],
    "_prefab": {
      "__type__": "cc.PrefabInfo",
      "root": {
        "__id__": 1
      },
      "asset": {
        "__uuid__": "09vYdu6z9OGpDgJv5bIkuK"
      },
      "fileId": "6bMFFZ6n1MQIbzZ4GuPRRE"
    },
    "_contentSize": {
      "__type__": "cc.Size",
      "width": 260,
      "height": 80
    },
    "_position": {
      "__type__": "cc.Vec3",
      "y": -145.121
    }
  },
  {
    "__type__": "cc.Node",
    "_name": "btnCancle",
    "_parent": {
      "__id__": 6
    },
    "_children": [
      {
        "__id__": 8
      },
      {
        "__id__": 9
      }
    ],
    "_level": 5,
    "_components": [
      {
        "__type__": "cab9bUXOXBDk6Oo/t2eesSG",
        "node": {
          "__id__": 7
        },
        "clickEvents": [
          {
            "__type__": "cc.ClickEvent",
            "target": {
              "__id__": 1
            },
            "_componentId": "9f8e868rNBKE7k8hoS6RoAS",
            "handler": "cancleCallback"
          }
        ]
      }
    ],
    "_prefab": {
      "__type__": "cc.PrefabInfo",
      "root": {
        "__id__": 1
      },
      "asset": {
        "__uuid__": "09vYdu6z9OGpDgJv5bIkuK"
      },
      "fileId": "05dxPmZH1K4YzvQqqw8+wX"
    },
    "_contentSize": {
      "__type__": "cc.Size",
      "width": 100,
      "height": 40
    },
    "_position": {
      "__type__": "cc.Vec3",
      "x": -80
    }
  },
  {
    "__type__": "cc.Node",
    "_name": "Background",
    "_parent": {
      "__id__": 7
    },
    "_level": 2,
    "_components": [
      {
        "__type__": "cc.Sprite",
        "node": {
          "__id__": 8
        },
        "_materials": [
          {
            "__uuid__": "ecpdLyjvZBwrvm+cedCcQy"
          }
        ],
        "_spriteFrame": {
          "__uuid__": "f0BIwQ8D5Ml7nTNQbh1YlS"
        },
        "_type": 1,
        "_sizeMode": 0
      },
      {
        "__type__": "cc.Widget",
        "node": {
          "__id__": 8
        },
        "alignMode": 0,
        "_alignFlags": 45,
        "_originalWidth": 100,
        "_originalHeight": 40
      }
    ],
    "_prefab": {
      "__type__": "cc.PrefabInfo",
      "root": {
        "__id__": 1
      },
      "asset": {
        "__uuid__": "09vYdu6z9OGpDgJv5bIkuK"
      },
      "fileId": "7bec1s8yJIZZ8VQ6FP2n6k"
    },
    "_contentSize": {
      "__type__": "cc.Size",
      "width": 100,
      "height": 40
    }
  },
  {
    "__type__": "cc.Node",
    "_name": "Label",
    "_parent": {
      "__id__": 7
    },
    "_level": 5,
    "_components": [
      {
        "__type__": "cc.Label",
        "node": {
          "__id__": 9
        },
        "_materials": [
          {
            "__uuid__": "ecpdLyjvZBwrvm+cedCcQy"
          }
        ],
        "_useOriginalSize": false,
        "_string": "Cancle",
        "_N$string": "Cancle",
        "_fontSize": 20,
        "_enableWrapText": false,
        "_N$horizontalAlign": 1,
        "_N$verticalAlign": 1,
        "_N$overflow": 1
      }
    ],
    "_prefab": {
      "__type__": "cc.PrefabInfo",
      "root": {
        "__id__": 1
      },
      "asset": {
        "__uuid__": "09vYdu6z9OGpDgJv5bIkuK"
      },
      "fileId": "cceMusi1xEopZF4fa3MjBj"
    },
    "_color": {
      "__type__": "cc.Color"
    },
    "_contentSize": {
      "__type__": "cc.Size",
      "width": 100,
      "height": 40
    }
  },
  {
    "__type__": "cc.Node",
    "_name": "btnOk",
    "_parent": {
      "__id__": 6
    },
    "_children": [
      {
        "__id__": 11
      },
      {
        "__id__": 12
      }
    ],
    "_level": 5,
    "_components": [
      {
        "__type__": "cab9bUXOXBDk6Oo/t2eesSG",
        "node": {
          "__id__": 10
        },
        "clickEvents": [
          {
            "__type__": "cc.ClickEvent",
            "target": {
              "__id__": 1
            },
            "_componentId": "9f8e868rNBKE7k8hoS6RoAS",
            "handler": "confirmCallback"
          }
        ]
      }
    ],
    "_prefab": {
      "__type__": "cc.PrefabInfo",
      "root": {
        "__id__": 1
      },
      "asset": {
        "__uuid__": "09vYdu6z9OGpDgJv5bIkuK"
      },
      "fileId": "2fpQcJ9V9EYIrE6180rR/Z"
    },
    "_contentSize": {
      "__type__": "cc.Size",
      "width": 100,
      "height": 40
    },
    "_position": {
      "__type__": "cc.Vec3",
      "x": 80
    }
  },
  {
    "__type__": "cc.Node",
    "_name": "Background",
    "_parent": {
      "__id__": 10
    },
    "_level": 2,
    "_components": [
      {
        "__type__": "cc.Sprite",
        "node": {
          "__id__": 11
        },
        "_materials": [
          {
            "__uuid__": "ecpdLyjvZBwrvm+cedCcQy"
          }
        ],
        "_spriteFrame": {
          "__uuid__": "f0BIwQ8D5Ml7nTNQbh1YlS"
        },
        "_type": 1,
        "_sizeMode": 0
      },
      {
        "__type__": "cc.Widget",
        "node": {
          "__id__": 11
        },
        "alignMode": 0,
        "_alignFlags": 45,
        "_originalWidth": 100,
        "_originalHeight": 40
      }
    ],
    "_prefab": {
      "__type__": "cc.PrefabInfo",
      "root": {
        "__id__": 1
      },
      "asset": {
        "__uuid__": "09vYdu6z9OGpDgJv5bIkuK"
      },
      "fileId": "b7piBGJyJF27W0sFDhXuw+"
    },
    "_contentSize": {
      "__type__": "cc.Size",
      "width": 100,
      "height": 40
    }
  },
  {
    "__type__": "cc.Node",
    "_name": "Label",
    "_parent": {
      "__id__": 10
    },
    "_level": 5,
    "_components": [
      {
        "__type__": "cc.Label",
        "node": {
          "__id__": 12
        },
        "_materials": [
          {
            "__uuid__": "ecpdLyjvZBwrvm+cedCcQy"
          }
        ],
        "_useOriginalSize": false,
        "_string": "OK",
        "_N$string": "OK",
        "_fontSize": 20,
        "_enableWrapText": false,
        "_N$horizontalAlign": 1,
        "_N$verticalAlign": 1,
        "_N$overflow": 1
      }
    ],
    "_prefab": {
      "__type__": "cc.PrefabInfo",
      "root": {
        "__id__": 1
      },
      "asset": {
        "__uuid__": "09vYdu6z9OGpDgJv5bIkuK"
      },
      "fileId": "24shPXEHNEg6LuLvM/37Sh"
    },
    "_color": {
      "__type__": "cc.Color"
    },
    "_contentSize": {
      "__type__": "cc.Size",
      "width": 100,
      "height": 40
    }
  }
]